disp_penalty,edit_direction_cosine,edit_direction_mse,elapsed_seconds,fold_penalty,foldover_fraction_det_below_0,grad_norm,iter,jacobian_det_mean,jacobian_det_min,loss,low_det_fraction_below_0p2,max_disp_px,mean_disp_px,normalized_visual_mse,objective,p95_disp_px,scaled_objective,smooth_penalty,unet_prediction_mse,vae_conditioning_mse,visual_mse
0.0013188610319048166,0.9619768857955933,5.988006250845501e-07,0.5848096925765276,0.0,0.0,0.011696775443851948,1,1.0,0.9735980033874512,0.0011572595685720444,0.0,0.44323447346687317,0.08829766511917114,0.00010290989303030074,5.988006250845501e-07,0.32581424713134766,1.7964018752536504e-06,0.0005270165856927633,4.640114639187232e-06,0.35494548082351685,2.2815904230810702e-05
0.005270774010568857,0.9583184123039246,6.690466989311972e-07,1.1972934789955616,0.0,0.0,0.023792814463377,2,1.0,0.9696555137634277,0.004111854359507561,0.0,0.7309502363204956,0.17700515687465668,0.0004093176394235343,6.690466989311972e-07,0.6190147399902344,2.0071402104804292e-06,0.0008431051392108202,1.2658403647947125e-05,1.0408575534820557,9.074882109416649e-05
0.0015376284718513489,0.9611260890960693,6.148021611807053e-07,1.814848655834794,0.0,0.0,0.012283396907150745,3,1.0,0.9804906249046326,0.001327652484178543,0.0,0.4700698256492615,0.09630608558654785,0.00011974455992458388,6.148021611807053e-07,0.34013450145721436,1.8444064835421159e-06,0.0005638071452267468,5.459962267195806e-06,0.46611347794532776,2.6548277674010023e-05
0.002119485754519701,0.9604711532592773,6.291663225965749e-07,2.442548343911767,0.0,0.0,0.015104169026017189,4,1.0,0.983316957950592,0.0016770450165495276,0.0,0.664995014667511,0.10435664653778076,0.0001546927960589528,6.291663225965749e-07,0.44104599952697754,1.8874989109463058e-06,0.0005653457483276725,5.07714048580965e-06,0.4182678759098053,3.429656499065459e-05
0.002145053818821907,0.9595732092857361,6.452083880503778e-07,3.0876033641397953,0.0,0.0,0.01624365709722042,5,1.0,0.9839669466018677,0.0017880455125123262,0.0,0.5419009327888489,0.11161770671606064,0.00017065192514564842,6.452083880503778e-07,0.40364527702331543,1.9356252778379712e-06,0.000564813963137567,5.5042828535079025e-06,0.45035481452941895,3.783482679864392e-05
0.0012191098649054766,0.9612435102462769,6.151108209451195e-07,3.8387083802372217,0.0,0.0,0.011513433419167995,6,1.0,0.9814731478691101,0.001063929288648069,0.0,0.3805326819419861,0.0863879919052124,9.525931091047823e-05,6.151108209451195e-07,0.30377307534217834,1.8453324628353585e-06,0.0004709032946266234,4.0442860154144e-06,0.34321004152297974,2.111971116391942e-05
0.0011805782560259104,0.9611914157867432,6.121393880675896e-07,4.695109510794282,0.0,0.0,0.010483460500836372,7,1.0,0.9855508208274841,0.0009661955409683287,0.0,0.36814993619918823,0.08629456162452698,7.994989573489875e-05,6.121393880675896e-07,0.2739258110523224,1.8364181642027688e-06,0.0005003783735446632,3.8091070564405527e-06,0.3191649913787842,1.7725498764775693e-05
0.0012234400492161512,0.9621783494949341,5.969252470094943e-07,5.294501967728138,0.0,0.0,0.011757719330489635,8,1.0,0.9912435412406921,0.001012394786812365,0.0,0.41179805994033813,0.08362184464931488,8.689879177836701e-05,5.969252470094943e-07,0.3203868269920349,1.790775741028483e-06,0.0004787846701219678,4.069394890393596e-06,0.3326636552810669,1.9266120943939313e-05
0.000817679101601243,0.9634348154067993,5.761687589256326e-07,5.961849579587579,0.0,0.0,0.011027962900698185,9,1.0,0.9928010106086731,0.000768527970649302,0.0,0.37441837787628174,0.06817443668842316,6.788132304791361e-05,5.761687589256326e-07,0.25173577666282654,1.7285062767768977e-06,0.00038806640077382326,3.057399226236157e-06,0.24767397344112396,1.5049804460431915e-05
0.0005680787726305425,0.9646384119987488,5.617428655568801e-07,6.733526295050979,0.0,0.0,0.008054688572883606,10,1.0,0.9944669604301453,0.0005474303034134209,0.0,0.27251163125038147,0.05906258523464203,4.423968857736327e-05,5.617428655568801e-07,0.20319528877735138,1.6852286535140593e-06,0.0003531288239173591,2.4746498183958465e-06,0.20279251039028168,9.808274626266211e-06
0.0009093995904549956,0.964442789554596,5.642616542900214e-07,7.474826604127884,0.0,0.0,0.00845811702311039,11,1.0,0.9897576570510864,0.0007252700161188841,0.0,0.39087530970573425,0.07088743150234222,5.719871478504501e-05,5.642616542900214e-07,0.27414846420288086,1.6927849628700642e-06,0.00041160310502164066,3.371527100171079e-06,0.2735433578491211,1.268138839805033e-05
0.0011577324476093054,0.9627883434295654,5.864794729859568e-07,8.141098102554679,0.0,0.0,0.010034696198999882,12,1.0,0.986733615398407,0.0008831067243590951,0.0,0.4418220818042755,0.08125543594360352,7.189312600530684e-05,5.864794729859568e-07,0.3128366768360138,1.7594384189578705e-06,0.00043785531306639314,4.104597337573068e-06,0.3333195745944977,1.5939251170493662e-05
0.0008041049586609006,0.9642866849899292,5.691675823982223e-07,9.039773471653461,0.0,0.0,0.009283346123993397,13,1.0,0.9885660409927368,0.0006584010552614927,0.0,0.35139715671539307,0.06842619180679321,5.309229527483694e-05,5.691675823982223e-07,0.24872587621212006,1.7075027471946669e-06,0.0003653965541161597,3.2012453630159143e-06,0.2548448443412781,1.177096419269219e-05
0.00028965796809643507,0.9667844772338867,5.275175567476253e-07,9.663651747629046,0.0,0.0,0.005977060180157423,14,1.0,0.993746280670166,0.00028064733487553895,0.0,0.17242130637168884,0.042215168476104736,1.965117007785011e-05,5.275175567476253e-07,0.14564213156700134,1.5825526133994572e-06,0.00023398474149871618,1.5479490684811026e-06,0.11145895719528198,4.356813406047877e-06
0.0002457271621096879,0.9696084260940552,4.802711259799253e-07,10.269774643704295,0.0,0.0,0.005166410934180021,15,1.0,0.9930468797683716,0.00023311501718126237,0.0,0.18694131076335907,0.037801411002874374,1.502059240010567e-05,4.802711259799253e-07,0.14418725669384003,1.440813321096357e-06,0.00021376254153437912,1.1509745263538207e-06,0.08138597011566162,3.330179197291727e-06
0.0005732213612645864,0.965357780456543,5.504234650288709e-07,10.932035636156797,0.0,0.0,0.008048297837376595,16,1.0,0.9928860664367676,0.0004871640121564269,0.0,0.3095847964286804,0.055422209203243256,3.739980820682831e-05,5.504234650288709e-07,0.215030699968338,1.6512703950866126e-06,0.00031354092061519623,2.439975105517078e-06,0.1821189671754837,8.291821359307505e-06
0.0006855259416624904,0.9654685854911804,5.434033027995611e-07,11.570964088663459,0.0,0.0,0.008554489351809025,17,1.0,0.9909837245941162,0.0005523111904039979,0.0,0.31753599643707275,0.06176313757896423,4.222507050144486e-05,5.434033027995611e-07,0.24113643169403076,1.6302099083986832e-06,0.0003399692359380424,2.8018394004902802e-06,0.22316120564937592,9.361618140246719e-06
0.0004693269729614258,0.9660377502441406,5.367104449760518e-07,12.417092261835933,0.0,0.0,0.006575077306479216,18,1.0,0.991093635559082,0.0003708374861162156,0.0,0.2586055099964142,0.051737766712903976,2.453520028211642e-05,5.367104449760518e-07,0.19677065312862396,1.6101313349281554e-06,0.0002884824643842876,2.1869054762646556e-06,0.17689093947410583,5.439640062832041e-06
0.00024533257237635553,0.968363881111145,4.999159273211262e-07,13.179000951349735,0.0,0.0,0.00445825420320034,19,0.9999999403953552,0.9895976781845093,0.00020610180217772722,0.0,0.1861773580312729,0.03668595105409622,1.092226284526987e-05,4.999159273211262e-07,0.1467985361814499,1.4997477819633787e-06,0.00021472143998835236,1.1539129900484113e-06,0.0838569700717926,2.4215485154854832e-06
0.00020614967797882855,0.9688706398010254,4.938036681778613e-07,13.867847800254822,0.0,0.0,0.005359441973268986,20,1.0,0.9902305603027344,0.00020970917830709368,0.0,0.1635478138923645,0.03478464484214783,1.4232796274882276e-05,4.938036681778613e-07,0.12576310336589813,1.4814110045335838e-06,0.00018823771097231656,1.1479110071377363e-06,0.08210960030555725,3.1555189252685523e-06
0.00026740290923044086,0.9696940183639526,4.784668021784455e-07,14.608898561447859,0.0,0.0,0.0063644046895205975,21,1.0,0.9922763109207153,0.0002824220573529601,0.0,0.2042076736688614,0.03890678286552429,2.139438220183365e-05,4.784668021784455e-07,0.13925547897815704,1.4354004633787554e-06,0.00022019495372660458,1.3165739574105828e-06,0.08990396559238434,4.74329681310337e-06
0.00029212344088591635,0.9692471027374268,4.881559334535268e-07,15.251841265708208,0.0,0.0,0.006063468288630247,22,1.0,0.988883376121521,0.00029710703529417515,0.0,0.2025958001613617,0.04036485776305199,2.1355132048483938e-05,4.881559334535268e-07,0.15595802664756775,1.4644678003605804e-06,0.000245272385654971,1.4040803080206388e-06,0.10222291946411133,4.734594767796807e-06
0.00023571305791847408,0.9683030843734741,5.035442427470116e-07,16.03366686962545,0.0,0.0,0.005348789505660534,23,1.0,0.9884072542190552,0.0002496203815098852,0.0,0.1835225373506546,0.036981090903282166,1.6255156879196875e-05,5.035442427470116e-07,0.13693980872631073,1.5106327282410348e-06,0.00023967912420630455,1.3683013548870804e-06,0.10020223259925842,3.60389162779029e-06
0.00014419754734262824,0.9707889556884766,4.6482472271236475e-07,16.687388999387622,0.0,0.0,0.003927494864910841,24,1.0,0.9922124743461609,0.00015801042900420725,0.0,0.15997397899627686,0.029390420764684677,8.208069630200043e-06,4.6482472271236475e-07,0.10374195873737335,1.3944741112936754e-06,0.00018992909463122487,8.77476452387782e-07,0.05455261468887329,1.8197913504991448e-06
0.00013036499149166048,0.9708688259124756,4.6421300226029416e-07,17.304266342893243,0.0,0.0,0.004003471694886684,25,1.0,0.994371771812439,0.00013330801448319107,0.0,0.14689986407756805,0.027551427483558655,7.613670277351048e-06,4.6421300226029416e-07,0.09781738370656967,1.392638978359173e-06,0.0001449684932595119,8.78043294960662e-07,0.06243540346622467,1.6880084103831905e-06
0.00017702978220768273,0.9695879220962524,4.815694296667061e-07,17.965979831293225,0.0,0.0,0.005136032588779926,26,1.0,0.9933779835700989,0.0001955533807631582,0.0,0.12968285381793976,0.033356472849845886,1.3087749721307773e-05,4.815694296667061e-07,0.10895156115293503,1.4447082321566995e-06,0.00018635630840435624,1.235198965332529e-06,0.0961347222328186,2.901653260778403e-06
0.000156640715431422,0.9703143835067749,4.698521536283806e-07,18.72798703983426,0.0,0.0,0.004951260052621365,27,1.0,0.9938416481018066,0.00019232515478506684,0.0,0.1564493328332901,0.030619073659181595,1.2933023754158057e-05,4.698521536283806e-07,0.11157864332199097,1.4095564893068513e-06,0.00019096520554739982,1.0988785561494296e-06,0.08524942398071289,2.8673493943642825e-06
7.871139678172767e-05,0.9738787412643433,4.150438996930461e-07,19.353897470980883,0.0,0.0,0.0034443228505551815,28,1.0,0.9962459206581116,0.00011620073928497732,0.0,0.15673990547657013,0.019984710961580276,6.56428846923518e-06,4.150438996930461e-07,0.07977414131164551,1.245131670657429e-06,0.00014510753680951893,6.273718895499769e-07,0.037921421229839325,1.455352503398899e-06
7.543095125583932e-05,0.973996102809906,4.118854519674642e-07,20.10348312743008,0.0,0.0,0.003451723139733076,29,1.0,0.9952168464660645,9.859426063485444e-05,0.0,0.11231918632984161,0.020642297342419624,5.531277565751225e-06,4.118854519674642e-07,0.08010821044445038,1.235656327480683e-06,0.0001198848694912158,5.549765091927839e-07,0.03144830837845802,1.2263261623957078e-06
0.00013445205695461482,0.9711199402809143,4.562022581922065e-07,21.059096531942487,0.0,0.0,0.004507327917963266,30,1.0,0.9944289326667786,0.0001444853114662692,0.0,0.11805973201990128,0.028960365802049637,9.03081217984436e-06,4.562022581922065e-07,0.09556243568658829,1.3686067177332006e-06,0.0001472438161727041,8.640585065222695e-07,0.058255475014448166,2.0021996078867232e-06
0.00013078533811494708,0.9716219305992126,4.486176408136089e-07,22.252753173932433,0.0,0.0,0.004275954328477383,31,0.9999999403953552,0.9952437877655029,0.00014104126603342593,0.0,0.1178244799375534,0.0284886434674263,8.207566679629963e-06,4.486176408136089e-07,0.0966079905629158,1.3458529792842455e-06,0.00015409913612529635,9.140991323874914e-07,0.06133174151182175,1.8196797100245021e-06
7.152271427912638e-05,0.9748655557632446,3.991353594301472e-07,22.951724534854293,0.0,0.0,0.003039831528440118,32,1.0,0.9940701127052307,8.631235687062144e-05,0.0,0.10616619884967804,0.020313624292612076,3.998112788394792e-06,3.991353594301472e-07,0.07623890042304993,1.1974060498687322e-06,0.00011653215915430337,7.580252372463292e-07,0.05271449685096741,8.864118967721879e-07
5.582474477705546e-05,0.9750088453292847,3.980632925504324e-07,23.72186896391213,0.0,0.0,0.0034474246203899384,33,1.0,0.9945016503334045,7.662101415917277e-05,0.0,0.08894743770360947,0.017897136509418488,4.160188836976886e-06,3.980632925504324e-07,0.06809277832508087,1.1941898492295877e-06,9.744973795022815e-05,5.332200316843227e-07,0.033293768763542175,9.223454071616288e-07
7.660508708795533e-05,0.9733310341835022,4.2238352193635365e-07,24.499218026176095,0.0,0.0,0.003943483345210552,34,1.0,0.9961322546005249,9.407242760062218e-05,0.0,0.09898005425930023,0.021326944231987,5.482312644744525e-06,4.2238352193635365e-07,0.07318944483995438,1.2671505373873515e-06,0.00010888611723203212,6.734686621712171e-07,0.04288807138800621,1.2154703199485084e-06
7.984407420735806e-05,0.9735773205757141,4.175018375462969e-07,25.347377609461546,0.0,0.0,0.0033859924878925085,35,1.0,0.9962294101715088,9.046112973010167e-05,0.0,0.10446327179670334,0.021896377205848694,4.569458724290598e-06,4.175018375462969e-07,0.07548089325428009,1.2525055126388907e-06,0.0001133807745645754,6.641297431997373e-07,0.04619300737977028,1.0130836471944349e-06
7.001401536399499e-05,0.9750865697860718,3.9477586710745527e-07,26.017597034573555,0.0,0.0,0.0030954000540077686,36,1.0,0.9969018697738647,8.18076659925282e-05,0.0,0.08922214061021805,0.020619075745344162,3.9737824408803135e-06,3.9477586710745527e-07,0.07046003639698029,1.1843276297440752e-06,0.00010639663378242403,5.252960590951261e-07,0.034438397735357285,8.810177405393915e-07
5.266856896923855e-05,0.9760357141494751,3.8124289858387783e-07,26.737933289259672,0.0,0.0,0.0035031239967793226,37,1.0,0.9971168041229248,7.445912342518568e-05,0.0,0.08048681914806366,0.01804399862885475,4.249412086210214e-06,3.8124289858387783e-07,0.057925816625356674,1.1437286957516335e-06,9.201333159580827e-05,5.395443736233574e-07,0.03601247817277908,9.4212691692519e-07
2.9412840376608074e-05,0.9773217439651489,3.5891406469090725e-07,27.463888727128506,0.0,0.0,0.0028431094251573086,38,1.0,0.9976574778556824,5.072813655715436e-05,0.0,0.05553695186972618,0.013466199859976768,2.4299051801790483e-06,3.5891406469090725e-07,0.04683839529752731,1.076742137229303e-06,7.440114859491587e-05,4.1274151385550795e-07,0.025492999702692032,5.387283863456105e-07
3.620739153120667e-05,0.9764912128448486,3.728961246451945e-07,28.19099004752934,0.0,0.0,0.0026957825757563114,39,1.0,0.9962791204452515,5.426260031526908e-05,0.0,0.06844624876976013,0.01469021663069725,2.226314109066152e-06,3.728961246451945e-07,0.0524778738617897,1.1186883739355835e-06,8.3330218330957e-05,5.008021162211662e-07,0.034007392823696136,4.935907327308087e-07
5.630475789075717e-05,0.9749005436897278,3.9800266904421733e-07,28.83676497451961,0.0,0.0,0.003186475019901991,40,1.0,0.9962801933288574,7.42565025575459e-05,0.0,0.07987352460622787,0.01867794804275036,3.669770421765861e-06,3.9800266904421733e-07,0.06249149143695831,1.1940080639760708e-06,9.945269994204864e-05,5.258100941318844e-07,0.030433934181928635,8.136159408422827e-07
3.9760801882948726e-05,0.9770616292953491,3.6358369470690377e-07,29.494546798989177,0.0,0.0,0.003020582953467965,41,0.9999999403953552,0.9972877502441406,6.281770038185641e-05,0.0,0.07047039270401001,0.015474524348974228,3.002556923092925e-06,3.6358369470690377e-07,0.05358557775616646,1.0907510841207113e-06,8.996399992611259e-05,4.045984098866029e-07,0.01867552474141121,6.656896403001156e-07
1.3833301636623219e-05,0.9803665280342102,3.116795426194585e-07,30.12435444816947,0.0,0.0,0.0020384988747537136,42,1.0,0.9973301291465759,3.455149271758273e-05,0.0,0.048090867698192596,0.008821703493595123,1.2166160558990669e-06,3.116795426194585e-07,0.03350767493247986,9.35038656280085e-07,6.156969902804121e-05,2.7221261689192033e-07,0.00976458378136158,2.6973299327437417e-07
2.4109524019877426e-05,0.9777448177337646,3.537479074111616e-07,30.772100616246462,0.0,0.0,0.002500485861673951,43,0.9999999403953552,0.9977633953094482,4.347518552094698e-05,0.0,0.050697650760412216,0.012105249799787998,1.974559609152493e-06,3.537479074111616e-07,0.04110310971736908,1.0612436653900659e-06,6.645319808740169e-05,3.725606916304969e-07,0.022502873092889786,4.377748155093286e-07
3.470211595413275e-05,0.9774267673492432,3.566475754723797e-07,31.39278245717287,0.0,0.0,0.0028619766235351562,44,1.0,0.9974663853645325,5.335741661838256e-05,0.0,0.06876751780509949,0.014440533705055714,2.4489565930707613e-06,3.566475754723797e-07,0.051460541784763336,1.0699427548388485e-06,7.799591548973694e-05,4.2719025827864243e-07,0.02808794006705284,5.429522502709005e-07
2.025160392804537e-05,0.9784268140792847,3.4221665146105806e-07,32.07266237400472,0.0,0.0,0.0022679350804537535,45,1.0,0.9979760646820068,3.866564657073468e-05,0.0,0.061944518238306046,0.010892827063798904,1.3538704024540493e-06,3.4221665146105806e-07,0.039647236466407776,1.0266498975397553e-06,6.659269274678081e-05,3.468688305474643e-07,0.021249931305646896,3.001633217536437e-07
1.1378177077858709e-05,0.9799841642379761,3.1734120398141386e-07,32.74701592698693,0.0,0.0,0.0019348054192960262,46,1.0,0.9986546039581299,2.80625608866103e-05,0.0,0.041087690740823746,0.00820909347385168,9.619407137506641e-07,3.1734120398141386e-07,0.030063994228839874,9.520235835225321e-07,5.0852155254688114e-05,2.4756343464105157e-07,0.0104962894693017,2.1326955845779594e-07
1.8805923900799826e-05,0.9781443476676941,3.466049065536936e-07,33.54609300382435,0.0,0.0,0.002357369987294078,47,1.0,0.9983193874359131,3.595763701014221e-05,0.0,0.04400351643562317,0.010701377876102924,1.386602320962993e-06,3.466049065536936e-07,0.037278659641742706,1.0398147196610807e-06,6.003415182931349e-05,3.46463025380217e-07,0.018849190324544907,3.0742023682250874e-07
1.849981890700292e-05,0.9787489175796509,3.371547450115031e-07,34.16866274736822,0.0,0.0,0.002226489596068859,48,1.0,0.997157096862793,3.477186328382231e-05,0.0,0.05452704057097435,0.01028145756572485,1.157586893896223e-06,3.371547450115031e-07,0.03856721147894859,1.0114642918779282e-06,6.095997377997264e-05,3.7047203704787535e-07,0.02161794900894165,2.566457908415032e-07
1.0173193004447967e-05,0.9802018404006958,3.145503058021859e-07,34.83011771179736,0.0,0.0,0.0016952026635408401,49,1.0,0.9971539974212646,2.5023056878126226e-05,0.0,0.055930450558662415,0.0075490036979317665,6.319179988167889e-07,3.145503058021859e-07,0.024801218882203102,9.436508889848483e-07,4.932259616907686e-05,3.262573784468259e-07,0.020116355270147324,1.4010100812811288e-07
1.3091510481899604e-05,0.9795746803283691,3.243436594857485e-07,35.52798231318593,0.0,0.0,0.0021080458536744118,50,1.0,0.9981372356414795,3.0044022423680872e-05,0.0,0.03938514366745949,0.008801774121820927,9.92022137324966e-07,3.243436594857485e-07,0.03158106654882431,9.730309784572455e-07,5.450146272778511e-05,2.560449843258539e-07,0.007967762649059296,2.1993882626247796e-07
1.546608291391749e-05,0.9793320298194885,3.2796484106256685e-07,36.27949251420796,0.0,0.0,0.002054159063845873,51,1.0,0.9990452527999878,3.078990266658366e-05,0.0,0.04998146742582321,0.009520698338747025,9.248143442164292e-07,3.2796484106256685e-07,0.034250035881996155,9.8389455160941e-07,5.632357715512626e-05,2.7940200197917875e-07,0.009913746267557144,2.0503834718965663e-07
8.487393643008545e-06,0.9810588359832764,3.0123848659968644e-07,37.00040310807526,0.0,0.0,0.0015741391107439995,52,0.9999999403953552,0.9989182949066162,2.080419653793797e-05,0.0,0.03925084322690964,0.006673402152955532,5.120676291880955e-07,3.0123848659968644e-07,0.02883031591773033,9.037154313773499e-07,4.151138637098484e-05,1.9636733838979126e-07,0.0047798482701182365,1.1352928197538859e-07
8.602530215284787e-06,0.9803974032402039,3.1074989692569943e-07,37.62193968705833,0.0,0.0,0.0019554044120013714,53,1.0,0.9982661008834839,2.4357201255043037e-05,0.0,0.03069167211651802,0.007317022420465946,7.577434644190362e-07,3.1074989692569943e-07,0.024951409548521042,9.322496907770983e-07,4.632255149772391e-05,3.002960795583931e-07,0.01738361082971096,1.679974701573883e-07
1.019084629660938e-05,0.9798866510391235,3.191461814822105e-07,38.265548488125205,0.0,0.0,0.0017974625807255507,54,1.0,0.9980961084365845,2.5035194994416088e-05,0.0,0.04159962758421898,0.0077581582590937614,6.365870603985968e-07,3.191461814822105e-07,0.0273000318557024,9.574384876032127e-07,4.930094655719586e-05,3.0808087103650905e-07,0.017265163362026215,1.4113618362898706e-07
7.920069037936628e-06,0.9810376763343811,3.010628120136971e-07,38.88089703209698,0.0,0.0,0.001654636929742992,55,1.0,0.9985151290893555,2.039928403974045e-05,0.0,0.035477157682180405,0.00644565187394619,5.635039883600257e-07,3.010628120136971e-07,0.029597807675600052,9.031884360410913e-07,3.992616257164627e-05,2.331281621081871e-07,0.007173022720962763,1.2493310919126088e-07
7.158581865951419e-06,0.9806396961212158,3.074165420002828e-07,39.53688683360815,0.0,0.0,0.0018575716530904174,56,1.0,0.998642086982727,1.9698069081641734e-05,0.0,0.03162330389022827,0.006459956988692284,6.240479706320912e-07,3.074165420002828e-07,0.02431846223771572,9.222496260008484e-07,3.7594792956952006e-05,2.516086397008621e-07,0.010089561343193054,1.3835617096447095e-07
5.741389941249508e-06,0.982569694519043,2.764258510978834e-07,40.15351611934602,0.0,0.0,0.0014817096525803208,57,1.0,0.9991532564163208,1.655506821407471e-05,0.0,0.03177656978368759,0.005581997334957123,3.332527569455124e-07,2.764258510978834e-07,0.022496933117508888,8.292775532936503e-07,3.50488189724274e-05,2.0216148755025642e-07,0.00654543237760663,7.388466372049152e-08
7.400327376672067e-06,0.9817920327186584,2.891155759243702e-07,40.789805971086025,0.0,0.0,0.001824591658078134,58,1.0,0.9986448884010315,1.9998804418719374e-05,0.0,0.036752935498952866,0.0063765631057322025,5.640851554744586e-07,2.891155759243702e-07,0.025824598968029022,8.673467277731106e-07,3.908556391252205e-05,2.6974316824635025e-07,0.015490636229515076,1.2506195901096362e-07
4.716715011454653e-06,0.9823393821716309,2.797523279696179e-07,41.45326309464872,0.0,0.0,0.0016357023268938065,59,0.9999999403953552,0.9990106225013733,1.6161891835508868e-05,0.0,0.029199562966823578,0.005219920538365841,4.6008386789253564e-07,2.797523279696179e-07,0.01860264129936695,8.392569839088537e-07,3.249420478823595e-05,2.2950298728119378e-07,0.009662838652729988,1.0200407984939375e-07
3.597462864490808e-06,0.9823200702667236,2.802741505547601e-07,42.0839324593544,0.0,0.0,0.0012737300712615252,60,0.9999999403953552,0.9988343119621277,1.368341145280283e-05,0.0,0.023819973692297935,0.004563164431601763,2.524663784697623e-07,2.802741505547601e-07,0.01738734170794487,8.408224516642804e-07,3.031382402696181e-05,1.9586217092637526e-07,0.00471761729568243,5.5973707446810295e-08
5.712794518331066e-06,0.9810402393341064,3.010911200362898e-07,42.72186375781894,0.0,0.0,0.0017914847703650594,61,1.0,0.9985744953155518,1.7959699107450433e-05,0.0,0.026408851146697998,0.005874106660485268,5.077281457488425e-07,3.010911200362898e-07,0.021317750215530396,9.032733601088694e-07,3.5858494811691344e-05,2.0080616991435818e-07,0.005395068787038326,1.1256718579488734e-07
2.4445228063996183e-06,0.982526421546936,2.7712042083294364e-07,43.382126143202186,0.0,0.0,0.0012708614813163877,62,1.0,0.9990124106407166,1.1487163646961562e-05,0.0,0.015995895490050316,0.0039961617439985275,2.0726822924643784e-07,2.7712042083294364e-07,0.012794287875294685,8.313612624988309e-07,2.6127579985768534e-05,1.9121851835279813e-07,0.004931981675326824,4.595293745524032e-08
3.1157992452790495e-06,0.9826526641845703,2.75605998467654e-07,44.20285654626787,0.0,0.0,0.0013993933098390698,63,1.0,0.9988070130348206,1.294514186156448e-05,0.0,0.022846365347504616,0.004182883538305759,2.3402851923037815e-07,2.75605998467654e-07,0.016152197495102882,8.26817995402962e-07,2.89805575448554e-05,2.1703014851937041e-07,0.010034400969743729,5.188589824456358e-08
4.575012098939624e-06,0.9823617935180664,2.8040233246429125e-07,45.030116222798824,0.0,0.0,0.001625338802114129,64,1.0,0.9987156391143799,1.5231478755595163e-05,0.0,0.02554856799542904,0.005145007278770208,3.831973742762784e-07,2.8040233246429125e-07,0.01978996954858303,8.412069973928737e-07,3.15223733196035e-05,1.7301886146015022e-07,0.002929086098447442,8.495776171457692e-08
2.034676981566008e-06,0.9834425449371338,2.627878359362512e-07,45.692684231325984,0.0,0.0,0.0011023242259398103,65,0.9999999403953552,0.9991955161094666,9.558010788168758e-06,0.0,0.018659979104995728,0.0034117691684514284,1.4346402110732015e-07,2.627878359362512e-07,0.012134495191276073,7.883635362304631e-07,2.2463067580247298e-05,1.5101751671409147e-07,0.0011677599977701902,3.1807061873223574e-08
2.9462128168233903e-06,0.9824012517929077,2.7893096898878866e-07,46.344616170972586,0.0,0.0,0.0014416944468393922,66,1.0,0.9987929463386536,1.2032944141537882e-05,0.0,0.02438141033053398,0.004188274499028921,2.2926840870240994e-07,2.7893096898878866e-07,0.014473563991487026,8.367928785446566e-07,2.6888945285463706e-05,1.8654571931620012e-07,0.00511382520198822,5.0830543329993816e-08
2.907625002990244e-06,0.9824444055557251,2.7924494361286634e-07,46.94976412318647,0.0,0.0,0.0012886819895356894,67,1.0,0.9986491203308105,1.1421224371588323e-05,0.0,0.022043200209736824,0.004138717893511057,2.1707488429001387e-07,2.7924494361286634e-07,0.015381858684122562,8.37734830838599e-07,2.55840495810844e-05,1.905785182998443e-07,0.006373277399688959,4.812714848867472e-08
1.514789119028137e-06,0.9835308790206909,2.6160526545027096e-07,47.57347031123936,0.0,0.0,0.001227018074132502,68,1.0,0.9990923404693604,9.474772014073096e-06,0.0,0.013663734309375286,0.0030088424682617188,1.4676584214612376e-07,2.6160526545027096e-07,0.010618263855576515,7.848158247725223e-07,2.245114228571765e-05,1.5045597479002026e-07,0.0018790290923789144,3.253909852674042e-08
2.189135102526052e-06,0.983407199382782,2.6342766545894847e-07,48.26764824613929,0.0,0.0,0.0012213505106046796,69,1.0,0.9991054534912109,9.508509720035363e-06,0.0,0.020584823563694954,0.0035231471993029118,1.9031766385069204e-07,2.6342766545894847e-07,0.013006512075662613,7.902830247985548e-07,2.148779822164215e-05,1.495064338996599e-07,0.001122285844758153,4.219486982037779e-08
2.3246457203640603e-06,0.9823797345161438,2.799278888687695e-07,49.02988010272384,0.0,0.0,0.001374696148559451,70,1.0,0.9994586110115051,1.0369539268140215e-05,0.0,0.021346358582377434,0.0036847321316599846,1.9734342515675962e-07,2.799278888687695e-07,0.013294031843543053,8.397836381845991e-07,2.3579543267260306e-05,2.499583047210763e-07,0.013506047427654266,4.375253226385212e-08
1.2200036962894956e-06,0.9842042922973633,2.503491600691632e-07,49.80096034705639,0.0,0.0,0.0010814511915668845,71,1.0,0.9991726279258728,8.493183486280032e-06,0.0,0.013249927200376987,0.0027090823277831078,9.577548354400278e-08,2.503491600691632e-07,0.00955474004149437,7.510474802074896e-07,2.0908013539155945e-05,1.4902349221301847e-07,0.0025261498522013426,2.1234150437976496e-08
1.8404260799798067e-06,0.9828169345855713,2.725459467001201e-07,50.578069968149066,0.0,0.0,0.0014238173607736826,72,1.0,0.9991773366928101,1.0340773769712541e-05,0.0,0.016321443021297455,0.0033065765164792538,2.0992345639569976e-07,2.725459467001201e-07,0.01185709610581398,8.176378401003603e-07,2.3485194105887786e-05,1.8768122345136362e-07,0.00519899558275938,4.654162211181756e-08
1.051406115948339e-06,0.9839617609977722,2.543313257774571e-07,51.258606469258666,0.0,0.0,0.001004378660582006,73,0.9999999403953552,0.9990640878677368,7.971475497470237e-06,0.0,0.012834698893129826,0.0025136987678706646,8.053343236724686e-08,2.543313257774571e-07,0.00901096872985363,7.629939773323713e-07,1.9971354049630463e-05,1.4556411542798742e-07,0.0018969652010127902,1.7854873135547678e-08
1.7494464827905176e-06,0.9827628135681152,2.7355312681720534e-07,51.879727099090815,0.0,0.0,0.0013746712356805801,74,0.9999999403953552,0.9994738698005676,9.507437425781973e-06,0.0,0.01766033284366131,0.003225084859877825,1.7449130496061116e-07,2.7355312681720534e-07,0.010893608443439007,8.206593520299066e-07,2.204406337114051e-05,2.519910538012482e-07,0.014797360636293888,3.868604636636519e-08
1.1176964562764624e-06,0.9832432270050049,2.654905131294072e-07,52.58662565611303,0.0,0.0,0.001055107917636633,75,1.0,0.9995854496955872,7.85737211117521e-06,0.0,0.014323940500617027,0.0025426470674574375,7.902706045115337e-08,2.654905131294072e-07,0.009233840741217136,7.96471567809931e-07,1.976169369299896e-05,2.3045237185215228e-07,0.012644151225686073,1.7520898509815197e-08
1.3840909787177225e-06,0.9839086532592773,2.54768536933625e-07,53.19090937823057,0.0,0.0,0.0013711625942960382,76,1.0,0.9992354512214661,8.806135156191885e-06,0.0,0.01428659912198782,0.0028356658294796944,1.492238368427934e-07,2.54768536933625e-07,0.010523214004933834,7.643055823791656e-07,2.0752751879626885e-05,1.6673561731295194e-07,0.003045970108360052,3.3084056383358984e-08
1.138894504038035e-06,0.9837445020675659,2.580093223514268e-07,53.86486895941198,0.0,0.0,0.0011548919137567282,77,1.0,0.9989097118377686,8.210254236473702e-06,0.0,0.015929285436868668,0.0025322195142507553,8.461727674102804e-08,2.580093223514268e-07,0.009708430618047714,7.740279670542805e-07,2.048423448286485e-05,1.6102961808428518e-07,0.002719143172726035,1.8760291098374182e-08
1.3807884897687472e-06,0.982919454574585,2.7097337351733586e-07,54.61586305499077,0.0,0.0,0.0012121328618377447,78,1.0,0.9992241263389587,8.096797500911634e-06,0.0,0.01615525223314762,0.002828783355653286,1.3729888337365992e-07,2.7097337351733586e-07,0.01036741677671671,8.129201205520076e-07,1.9300885469419882e-05,1.6725908835724113e-07,0.003040511626750231,3.0440205023296585e-08
1.0568280686129583e-06,0.9833182692527771,2.6433812649884203e-07,55.364193091169,0.0,0.0,0.0010821032337844372,79,1.0,0.999363899230957,7.571229161840165e-06,0.0,0.01436959020793438,0.0024670222774147987,6.54968133062539e-08,2.6433812649884203e-07,0.00913365837186575,7.930143510748167e-07,1.9293109289719723e-05,1.7162005860882346e-07,0.004546096548438072,1.4521139846124242e-08
1.46049444538221e-06,0.9838929176330566,2.5560296990079223e-07,56.16900773905218,0.0,0.0,0.001348099554888904,80,1.0,0.9992482662200928,8.425265150435735e-06,0.0,0.016401998698711395,0.002849250566214323,1.9141981510983896e-07,2.5560296990079223e-07,0.010576946660876274,7.668089097023767e-07,1.906699617393315e-05,2.204264575311754e-07,0.011384518817067146,4.243922546720569e-08
7.532165682277991e-07,0.9844046831130981,2.4779814111752785e-07,56.90462880767882,0.0,0.0,0.001100330613553524,81,1.0,0.9995047450065613,6.780892817914719e-06,0.0,0.0108580831438303,0.0021041242871433496,7.905600796220824e-08,2.4779814111752785e-07,0.007772221229970455,7.433944233525835e-07,1.7119560652645305e-05,1.3339423787783744e-07,0.0004860834451392293,1.752731648707595e-08
2.0856182345596608e-06,0.983150839805603,2.6744356773633626e-07,57.572153221815825,0.0,0.0,0.0013211036566644907,82,1.0,0.9992779493331909,9.189539923681878e-06,0.0,0.018292879685759544,0.003386504016816616,1.5094113336999726e-07,2.6744356773633626e-07,0.013540947809815407,8.023307032090088e-07,2.142700759577565e-05,1.8662728962226538e-07,0.006489544175565243,3.3464793602888676e-08
4.1342383383380366e-07,0.9841535687446594,2.514940433684387e-07,58.504246247932315,0.0,0.0,0.0008583921007812023,83,1.0,0.9994114637374878,4.9949226195167284e-06,0.0,0.009227477945387363,0.0015497506828978658,3.774227863573287e-08,2.514940433684387e-07,0.005826829466968775,7.544821301053162e-07,1.3539219253289048e-05,1.2881982058843278e-07,0.00028617828502319753,8.367749160242965e-09
2.5772528715606313e-06,0.9834280014038086,2.6284126874998037e-07,59.23097294382751,0.0,0.0,0.001475876197218895,84,1.0,0.999331533908844,1.1075799193349667e-05,0.0,0.017897699028253555,0.003959201741963625,2.2157277612677717e-07,2.6284126874998037e-07,0.013946110382676125,7.885238346716505e-07,2.4687853510840796e-05,2.1364647295740724e-07,0.010797876864671707,4.912436324389091e-08
8.225572400988312e-07,0.9837363362312317,2.5792445512706763e-07,60.04083960317075,0.0,0.0,0.0011112219654023647,85,1.0,0.9991207718849182,6.803934411436785e-06,0.0,0.01388159766793251,0.002058836631476879,7.385576594742815e-08,2.5792445512706763e-07,0.008519730530679226,7.737733653812029e-07,1.730491203488782e-05,1.5126036601031956e-07,0.0022659320384263992,1.6374382738604254e-08
2.6084808268933557e-06,0.9834668636322021,2.617603627186327e-07,60.71097663976252,0.0,0.0,0.0014910157769918442,86,1.0,0.9991567730903625,1.1431187886046246e-05,0.0,0.016232991591095924,0.0039835963398218155,2.0493313002134528e-07,2.617603627186327e-07,0.013977252878248692,7.85281088155898e-07,2.582928937044926e-05,1.6746245989907038e-07,0.004435288719832897,4.543522891253815e-08
2.104793338730815e-06,0.9835476875305176,2.608605598197755e-07,61.418790658935905,0.0,0.0,0.0014263683697208762,87,1.0,0.9989297986030579,1.12174529931508e-05,0.0,0.021573510020971298,0.003512966213747859,1.593192422433276e-07,2.608605598197755e-07,0.012707780115306377,7.825816510376171e-07,2.6298519514966756e-05,1.8386512579127157e-07,0.004874322097748518,3.5322283764571694e-08
1.6068263448687503e-06,0.9830324649810791,2.6889222226600396e-07,62.0272357519716,0.0,0.0,0.0012833832297474146,88,1.0,0.9993387460708618,7.85654174251249e-06,0.0,0.015255705453455448,0.0029568106401711702,1.575855606006371e-07,2.6889222226600396e-07,0.012046683579683304,8.066766667980119e-07,1.8234288290841505e-05,1.7983199995796895e-07,0.0038222710136324167,3.493791211894859e-08
2.410499064353644e-06,0.983694851398468,2.582474962764536e-07,62.80352924391627,0.0,0.0,0.0015370172914117575,89,1.0,0.9984926581382751,1.1023930710507557e-05,0.0,0.024896027520298958,0.0037109064869582653,2.5261135760956677e-07,2.582474962764536e-07,0.012327758595347404,7.747424888293608e-07,2.40909921558341e-05,1.835575176301063e-07,0.0052291881293058395,5.600585595288976e-08
1.5307150533772074e-06,0.9829039573669434,2.7078772291133646e-07,63.52253025211394,0.0,0.0,0.0013633379712700844,90,1.0,0.999362587928772,7.373882453975966e-06,0.0,0.019106652587652206,0.0027986348140984774,1.4998765607288078e-07,2.7078772291133646e-07,0.01155583281069994,8.123631687340094e-07,1.7206251868628897e-05,2.2961548040711932e-07,0.01204412616789341,3.325340003357269e-08
1.528539769424242e-06,0.9832906126976013,2.65097924057045e-07,64.34484876692295,0.0,0.0,0.0013695755042135715,91,1.0,0.9994155764579773,8.787334081716835e-06,0.0,0.018881477415561676,0.0029996708035469055,1.6776148470398766e-07,2.65097924057045e-07,0.0102729806676507,7.952937721711351e-07,2.040275103354361e-05,1.5754908133658319e-07,0.0025028011295944452,3.719399188639727e-08
1.1059570397264906e-06,0.98340904712677,2.630134758874192e-07,65.07211864367127,0.0,0.0,0.0012253011809661984,92,1.0,0.9993661642074585,6.208963441167725e-06,0.0,0.013375460170209408,0.002515687607228756,9.538223366689635e-08,2.630134758874192e-07,0.009570160880684853,7.890404276622576e-07,1.5356008589151315e-05,1.5084940230281063e-07,0.0010219656396657228,2.1146965067941892e-08
2.0961267637176206e-06,0.9831421971321106,2.674606207619945e-07,65.71010964922607,0.0,0.0,0.0015374304493889213,93,1.0,0.9992415308952332,9.976656656363048e-06,0.0,0.02064047008752823,0.003426277544349432,1.8060769946259825e-07,2.674606207619945e-07,0.0126117542386055,8.023818622859835e-07,2.289637632202357e-05,1.7222994586063578e-07,0.0038723796606063843,4.004209586128127e-08
1.0207407967754989e-06,0.9832454919815063,2.663918508005736e-07,66.32280748523772,0.0,0.0,0.0011087997118011117,94,0.9999999403953552,0.9997377395629883,5.6421731642331e-06,0.0,0.014761664904654026,0.0023983768187463284,8.473742951764507e-08,2.663918508005736e-07,0.008739525452256203,7.991755524017208e-07,1.4183980965754017e-05,1.5102563111213385e-07,0.002449234016239643,1.8786931121894668e-08
1.9298877305118367e-06,0.982857346534729,2.720315137594298e-07,66.99209598824382,0.0,0.0,0.0014453826006501913,95,1.0,0.9991591572761536,9.337937626696657e-06,0.0,0.017329350113868713,0.003326200181618333,1.2002948324152385e-07,2.720315137594298e-07,0.01271833386272192,8.160945412782894e-07,2.2424277631216682e-05,1.8422957737129764e-07,0.005850688554346561,2.6611445491653285e-08
1.8515783040129463e-06,0.9835091829299927,2.619582630813966e-07,67.60297488979995,0.0,0.0,0.0013330489164218307,96,1.0,0.9988048076629639,8.390320545004215e-06,0.0,0.016956033185124397,0.0032650725916028023,1.1859622617294008e-07,2.619582630813966e-07,0.012856625020503998,7.858748176658992e-07,2.004267298616469e-05,1.896952426250209e-07,0.007948372513055801,2.629368189843717e-08
1.6702205130059156e-06,0.9840965867042542,2.524490128053003e-07,68.22787897102535,0.0,0.0,0.0012383954599499702,97,0.9999999403953552,0.9994668364524841,7.893823749327566e-06,0.0,0.018074719235301018,0.002973419614136219,1.1625208884424865e-07,2.524490128053003e-07,0.012148154899477959,7.573470384159009e-07,1.885976962512359e-05,1.768081432373947e-07,0.005206743720918894,2.577396962522016e-08
1.4180741345626302e-06,0.9836462736129761,2.592153123259777e-07,68.82718123868108,0.0,0.0,0.0012615511659532785,98,0.9999999403953552,0.9996071457862854,7.158447715482907e-06,0.0,0.016605928540229797,0.0029063913971185684,1.0926523685839129e-07,2.592153123259777e-07,0.009827077388763428,7.776459369779332e-07,1.7314327124040574e-05,1.3396913800534094e-07,0.0005743096116930246,2.422493139420112e-08
2.863558165699942e-06,0.9827309846878052,2.7392258061809116e-07,69.49411026202142,0.0,0.0,0.001613239641301334,99,1.0,0.9992006421089172,1.0551182640483603e-05,0.0,0.022708885371685028,0.0038459026254713535,2.495923752121598e-07,2.7392258061809116e-07,0.01589713990688324,8.217677418542735e-07,2.2850357709103264e-05,2.2924776033050875e-07,0.012210384011268616,5.533652114309007e-08
2.1543096409004647e-06,0.9832053184509277,2.665058786988084e-07,70.12936328724027,0.0,0.0,0.0014856772031635046,100,1.0,0.9993179440498352,9.827503163251095e-06,0.0,0.019848771393299103,0.0034836987033486366,1.630734942636991e-07,2.665058786988084e-07,0.012887205928564072,7.995176360964251e-07,2.277879866596777e-05,1.5802268649167672e-07,0.0026059080846607685,3.615463128880947e-08
2.980904127980466e-06,0.9828537702560425,2.7197080498808646e-07,70.74032307229936,0.0,0.0,0.0014942684210836887,101,1.0,0.9996441006660461,1.0036103958555032e-05,0.0,0.02347780205309391,0.003911812789738178,2.421031979338295e-07,2.7197080498808646e-07,0.016414301469922066,8.159124149642594e-07,2.161387965315953e-05,1.8842416693587438e-07,0.00554958451539278,5.367611777273851e-08
2.9827228900103364e-06,0.9825969934463501,2.7647496381177916e-07,71.35994763486087,0.0,0.0,0.0016448663081973791,102,1.0,0.9993059039115906,1.09249967863434e-05,0.0,0.02222047559916973,0.004032189957797527,2.3232446721976885e-07,2.7647496381177916e-07,0.01614970900118351,8.294248914353375e-07,2.4031583961914293e-05,2.4339186666111345e-07,0.012639441527426243,5.1508095566532575e-08
3.4096024137397762e-06,0.9818742871284485,2.866891293251683e-07,71.99324106611311,0.0,0.0,0.0017061117105185986,103,1.0,0.9990926384925842,1.1965737030550372e-05,0.0,0.02077561244368553,0.004410360939800739,3.052862211916363e-07,2.866891293251683e-07,0.016372330486774445,8.600674163972144e-07,2.5283388822572306e-05,2.2267099097916798e-07,0.008292646147310734,6.768426885628287e-08
1.4829216752332286e-06,0.9830179214477539,2.691155032152892e-07,72.6428053677082,0.0,0.0,0.0012284686090424657,104,1.0,0.9993979334831238,7.807709152984899e-06,0.0,0.017554234713315964,0.0028692283667623997,9.4839485598186e-08,2.691155032152892e-07,0.011201512068510056,8.073465096458676e-07,1.921918010339141e-05,1.7493879056473816e-07,0.0035959717351943254,2.102663287928408e-08
4.141935278312303e-06,0.9820725321769714,2.850397322617937e-07,73.38104392401874,0.0,0.0,0.0017931493930518627,105,1.0,0.9989496469497681,1.3497568943421356e-05,0.0,0.02301863022148609,0.004918050952255726,3.337051452945161e-07,2.850397322617937e-07,0.018130647018551826,8.551191967853811e-07,2.8261880288482644e-05,1.8867916651288397e-07,0.00417739525437355,7.398496393307141e-08
2.2705357878294308e-06,0.9827210307121277,2.736907163125579e-07,73.98421394079924,0.0,0.0,0.0014976715901866555,106,0.9999999403953552,0.9994263648986816,9.316288014815655e-06,0.0,0.016126081347465515,0.0036888497415930033,1.5192208024927822e-07,2.736907163125579e-07,0.012979424558579922,8.210721489376738e-07,2.1681962607544847e-05,1.6654725243370194e-07,0.0029822622891515493,3.368227652345013e-08
3.4735012377495877e-06,0.9824057817459106,2.7950108005825314e-07,74.59079611487687,0.0,0.0,0.001567924628034234,107,1.0,0.9993406534194946,1.1350317436154e-05,0.0,0.021002426743507385,0.004422858357429504,2.737999693636084e-07,2.7950108005825314e-07,0.01729346439242363,8.385032401747594e-07,2.4182536435546353e-05,2.242983185851699e-07,0.010373653843998909,6.070352753795305e-08
1.8735654521151446e-06,0.9831192493438721,2.6796683982865943e-07,75.22934800386429,0.0,0.0,0.0014889503363519907,108,1.0,0.999308705329895,8.857519787852652e-06,0.0,0.017072563990950584,0.003270750865340233,1.4435804018830822e-07,2.6796683982865943e-07,0.012715373188257217,8.039005479076877e-07,2.0816372853005305e-05,1.9556838992684789e-07,0.007616751827299595,3.200527132207753e-08
3.7477154819498537e-06,0.9827978014945984,2.727273624714144e-07,75.92135483399034,0.0,0.0,0.0017454168992117047,109,1.0,0.9994187355041504,1.1908120541193057e-05,0.0,0.022512199357151985,0.0044131833128631115,2.7334823471392156e-07,2.727273624714144e-07,0.01881985366344452,8.181821158359526e-07,2.5396646378794685e-05,1.861786955714706e-07,0.004699439741671085,6.060337653934766e-08
3.033467692148406e-06,0.9824236631393433,2.78555319255247e-07,76.70727764256299,0.0,0.0,0.0016996616031974554,110,1.0,0.9989616870880127,1.1487313713587355e-05,0.0,0.023224962875247,0.004019429907202721,2.267100995823057e-07,2.78555319255247e-07,0.016089364886283875,8.35665957765741e-07,2.5520963390590623e-05,2.017550997379658e-07,0.007886185310781002,5.026334903845964e-08
2.2044341676519252e-06,0.9828610420227051,2.717273162033962e-07,77.30942055955529,0.0,0.0,0.0015095245325937867,111,1.0,0.999269962310791,8.58636758493958e-06,0.0,0.02026226371526718,0.0034551210701465607,1.6715227957320167e-07,2.717273162033962e-07,0.013603958301246166,8.151819201884791e-07,1.9622235413407907e-05,1.997276228848932e-07,0.008269261568784714,3.705892837047031e-08
1.558536155243928e-06,0.9834142923355103,2.6292633492630557e-07,77.94575105048716,0.0,0.0,0.001414897502399981,112,1.0,0.9994293451309204,7.541168088209815e-06,0.0,0.01692848466336727,0.0028580999933183193,1.189711937854554e-07,2.6292633492630557e-07,0.011465619318187237,7.887790047789167e-07,1.806733780540526e-05,1.6225502008637704e-07,0.00350349978543818,2.6376815398521103e-08
2.3611803499079542e-06,0.983623743057251,2.5986940954680904e-07,78.66248577460647,0.0,0.0,0.001459629274904728,113,1.0,0.9993917942047119,8.66212030814495e-06,0.0,0.01996762305498123,0.003551171161234379,1.895322867540017e-07,2.5986940954680904e-07,0.014391454868018627,7.796082286404271e-07,1.9272174540674314e-05,1.6284272419397894e-07,0.0027239909395575523,4.202074421755242e-08
2.2500535123981535e-06,0.9828283786773682,2.726528975927067e-07,79.33957585692406,0.0,0.0,0.001489246846176684,114,1.0,0.9988452196121216,9.037338713824283e-06,0.0,0.01842495985329151,0.003702704329043627,1.5758394056319958e-07,2.726528975927067e-07,0.013069432228803635,8.179587211998296e-07,2.0892901375191286e-05,1.814814964973266e-07,0.003531240625306964,3.493755329486703e-08
2.7531507384992437e-06,0.9823745489120483,2.793822204694152e-07,80.08077632822096,0.0,0.0,0.0015122428303584456,115,1.0,0.9992479681968689,9.454263818042818e-06,0.0,0.022152064368128777,0.0038755428977310658,1.9736354772703635e-07,2.793822204694152e-07,0.015255494974553585,8.381466614082456e-07,2.107267573592253e-05,1.835142313666438e-07,0.0050420514307916164,4.375699447223269e-08
2.680852048797533e-06,0.9832042455673218,2.6695875021687243e-07,80.70528729073703,0.0,0.0,0.0016402793116867542,116,1.0,0.9995033144950867,9.578604476701003e-06,0.0,0.017797155305743217,0.004051952622830868,2.441254594032216e-07,2.6695875021687243e-07,0.013126756995916367,8.008762506506173e-07,2.0548941392917186e-05,1.785548420230043e-07,0.0040624407120049,5.412446313357577e-08
2.928151843661908e-06,0.9826992750167847,2.742123115240247e-07,81.41035829856992,0.0,0.0,0.0016879132017493248,117,1.0,0.9992213249206543,1.0411959920020308e-05,0.0,0.021327100694179535,0.0038683011662214994,2.1485048762315273e-07,2.742123115240247e-07,0.01691564917564392,8.226369345720741e-07,2.304986810486298e-05,1.8168918813898927e-07,0.004616831429302692,4.763398209206571e-08
4.699667442764621e-06,0.9817368984222412,2.9050829652987886e-07,82.03321480751038,0.0,0.0,0.0019169956212863326,118,0.9999999403953552,0.9990302920341492,1.3302489605848677e-05,0.0,0.024877535179257393,0.005082225892692804,4.1562651631465997e-07,2.9050829652987886e-07,0.019971732050180435,8.715248895896366e-07,2.617413701955229e-05,2.1949448125724302e-07,0.007719183340668678,9.214755181119472e-08
3.6381313748279354e-06,0.9827102422714233,2.747160010585503e-07,82.8235160857439,0.0,0.0,0.001722877030260861,119,1.0,0.9991928339004517,1.1299257494101766e-05,0.0,0.023388033732771873,0.00440913625061512,3.064854752210522e-07,2.747160010585503e-07,0.018070094287395477,8.24148003175651e-07,2.339318598387763e-05,1.8117823685770418e-07,0.0033553168177604675,6.79501539480043e-08
2.485312052158406e-06,0.9827385544776917,2.7419224579716683e-07,83.44582887552679,0.0,0.0,0.001548001542687416,120,1.0,0.9993597865104675,8.784134479355998e-06,0.0,0.0179880503565073,0.0038010315038263798,1.949742340912053e-07,2.7419224579716683e-07,0.014334837906062603,8.225767373915005e-07,1.9532075384631753e-05,1.8953059566229058e-07,0.004334951750934124,4.322726709915514e-08
3.3700525818858296e-06,0.9826912879943848,2.746593565916555e-07,84.14907614700496,0.0,0.0,0.00171381002292037,121,0.9999999403953552,0.9991950988769531,1.145441819971893e-05,0.0,0.022373579442501068,0.004392677918076515,2.9817084623573464e-07,2.746593565916555e-07,0.016432330012321472,8.23978098196676e-07,2.405295890639536e-05,1.9043365284687752e-07,0.0047122761607170105,6.610673608520301e-08
2.9178677323216107e-06,0.9828642010688782,2.7173214789399935e-07,85.21872910484672,0.0,0.0,0.0016552925808355212,122,1.0,0.9996304512023926,9.519277227809653e-06,0.0,0.022527776658535004,0.0038972452748566866,2.506814098524046e-07,2.7173214789399935e-07,0.016282690688967705,8.151964721037075e-07,2.0208901332807727e-05,1.799316180495225e-07,0.003816880751401186,5.557797067012871e-08
4.229676051181741e-06,0.9826837778091431,2.741451226029312e-07,86.35482210852206,0.0,0.0,0.0017795738531276584,123,1.0,0.9991897940635681,1.2453983799787238e-05,0.0,0.024743394926190376,0.004804200027137995,3.251710722906864e-07,2.741451226029312e-07,0.019063038751482964,8.224353678087937e-07,2.566924194979947e-05,1.7414804176496546e-07,0.0031871278770267963,7.209289520915263e-08
2.994119313370902e-06,0.9815173149108887,2.928823619186005e-07,87.29929511807859,0.0,0.0,0.0017193645471706986,124,1.0,0.9988107681274414,1.0995247066603042e-05,0.0,0.01990971527993679,0.00413929857313633,2.546563848682126e-07,2.928823619186005e-07,0.015840236097574234,8.786470857558015e-07,2.395323281234596e-05,2.0253395405234187e-07,0.005296097137033939,5.64592497198646e-08
2.900663275795523e-06,0.9830272197723389,2.689043299142213e-07,87.95437410660088,0.0,0.0,0.0016058117616921663,125,1.0,0.999059796333313,9.982511983253062e-06,0.0,0.02140621468424797,0.003987523261457682,2.1082701096020173e-07,2.689043299142213e-07,0.016325850039720535,8.067129897426639e-07,2.2017084120307118e-05,1.8659089562333975e-07,0.005450307857245207,4.6741945425310405e-08
2.700920276765828e-06,0.9832582473754883,2.6563321853245725e-07,88.59021027572453,0.0,0.0,0.001644332311116159,126,1.0,0.9994735717773438,9.797770871955436e-06,0.0,0.018174422904849052,0.003964523319154978,2.3415815064709022e-07,2.6563321853245725e-07,0.014317422173917294,7.968996555973717e-07,2.1242616639938205e-05,1.7634782523145986e-07,0.0031200991943478584,5.1914636145511395e-08
3.33969910570886e-06,0.9826553463935852,2.7588961870606e-07,89.2062510382384,0.0,0.0,0.0016266765305772424,127,0.9999999403953552,0.9989269375801086,1.1119072041765321e-05,0.0,0.022160712629556656,0.00430359086021781,2.359484483349661e-07,2.7588961870606e-07,0.016531022265553474,8.276688276964705e-07,2.4273635062854737e-05,1.9301765519230685e-07,0.005522832740098238,5.23115595285617e-08
2.7263058655080386e-06,0.9826955199241638,2.749486611719476e-07,89.8122283294797,0.0,0.0,0.0016903821378946304,128,0.9999999403953552,0.9992659687995911,1.0887146345339715e-05,0.0,0.018881089985370636,0.003963985480368137,2.1557545437644876e-07,2.749486611719476e-07,0.01496244315057993,8.248459835158428e-07,2.433222471154295e-05,2.0076652162970277e-07,0.0071901292540133,4.7794713964322e-08
3.6731639738718513e-06,0.9825724363327026,2.76375374141935e-07,90.42578407004476,0.0,0.0,0.0016984088579192758,129,1.0,0.9993312954902649,1.2147581401222851e-05,0.0,0.02367001213133335,0.004453599452972412,2.3639879032089084e-07,2.76375374141935e-07,0.017924455925822258,8.291261224258051e-07,2.6674331820686348e-05,1.678822059147933e-07,0.003023459343239665,5.241140499379071e-08
3.25108521792572e-06,0.9819153547286987,2.86985141428886e-07,91.10024076327682,0.0,0.0,0.0017422662349417806,130,1.0,0.9992688298225403,1.17219788080547e-05,0.0,0.02294246479868889,0.00418961513787508,2.4401697373832576e-07,2.86985141428886e-07,0.01731402799487114,8.609554242866579e-07,2.577426130301319e-05,1.802993665478425e-07,0.00430254777893424,5.4100411261970294e-08
2.656905735420878e-06,0.9830728769302368,2.6819589038495906e-07,91.71293982304633,0.0,0.0,0.0016398282023146749,131,1.0,0.9993144273757935,1.0122104868059978e-05,0.0,0.021040989086031914,0.0037886640056967735,1.9550618901575945e-07,2.6819589038495906e-07,0.015237769111990929,8.045876711548772e-07,2.2737387553206645e-05,1.8089525610776036e-07,0.004840848036110401,4.3345202982436604e-08
2.703577138163382e-06,0.9831993579864502,2.669461025561759e-07,92.39553748816252,0.0,0.0,0.001629135338589549,132,1.0,0.999518632888794,1.0279767593601719e-05,0.0,0.02041359804570675,0.003892520209774375,2.2002352295658056e-07,2.669461025561759e-07,0.014565977267920971,8.008382792468183e-07,2.2691157937515527e-05,2.602391759864986e-07,0.01486511155962944,4.87808833327108e-08
3.2999898849084275e-06,0.9822789430618286,2.811648016631807e-07,93.03784011863172,0.0,0.0,0.0017170992214232683,133,1.0,0.9992473721504211,1.106730542232981e-05,0.0,0.021824780851602554,0.004286338109523058,2.447524423132563e-07,2.811648016631807e-07,0.017012806609272957,8.434943765678327e-07,2.4057244445430115e-05,1.814836565472433e-07,0.003579016076400876,5.426347371439988e-08
2.5649364943092223e-06,0.9832316040992737,2.656670972100983e-07,93.8203175868839,0.0,0.0,0.0016677792882546782,134,0.9999999403953552,0.9991124868392944,9.468805728829466e-06,0.0,0.017402376979589462,0.0038088210858404636,2.255419815355708e-07,2.656670972100983e-07,0.014381336979568005,7.970012916302949e-07,2.063171996269375e-05,1.6418573522969382e-07,0.0032290800008922815,5.000436686941612e-08
3.972690137743484e-06,0.982763409614563,2.736483679655066e-07,94.5072447154671,0.0,0.0,0.0018224110826849937,135,1.0,0.9990295767784119,1.1762141184590291e-05,0.0,0.023502543568611145,0.004676773678511381,3.14374261733974e-07,2.736483679655066e-07,0.019016951322555542,8.209451038965199e-07,2.424393460387364e-05,2.0214235973980976e-07,0.0070694247260689735,6.969915489207779e-08
2.4653204491187353e-06,0.9827292561531067,2.737499755767203e-07,95.14799132570624,0.0,0.0,0.0016406935174018145,136,1.0,0.999167799949646,1.0172308066103142e-05,0.0,0.01584315486252308,0.003897301387041807,1.80205034894243e-07,2.737499755767203e-07,0.013491402380168438,8.212499551518704e-07,2.325477180420421e-05,1.8374134924670216e-07,0.005337205715477467,3.995282327196037e-08
4.860425633523846e-06,0.9821251630783081,2.8336705781839555e-07,95.89257708005607,0.0,0.0,0.0018042182782664895,137,1.0,0.9995918273925781,1.2939253792865202e-05,0.0,0.029394231736660004,0.005046649370342493,4.155571957653592e-07,2.8336705781839555e-07,0.021140873432159424,8.501011734551867e-07,2.5133260351140052e-05,1.9377930016162281e-07,0.004855037666857243,9.213218277182023e-08
3.6809149150940357e-06,0.9817929267883301,2.884015657400596e-07,96.50345831178129,0.0,0.0,0.0016531443689018488,138,1.0,0.998841404914856,1.2164821782789659e-05,0.0,0.02187936007976532,0.004557267762720585,2.5021759597620985e-07,2.884015657400596e-07,0.0175156407058239,8.652046972201788e-07,2.6573972718324512e-05,2.03506459683922e-07,0.006479321978986263,5.5475137372695826e-08
4.216054549033288e-06,0.9823522567749023,2.8046420652572124e-07,97.45212231203914,0.0,0.0,0.0017989922780543566,139,1.0,0.9990019202232361,1.2451766451704316e-05,0.0,0.02696138247847557,0.0047080800868570805,3.9540216789646365e-07,2.8046420652572124e-07,0.019368525594472885,8.413926479988731e-07,2.4550095986342058e-05,2.1831695562468667e-07,0.007675031200051308,8.766365766632589e-08
3.7297472772479523e-06,0.982471227645874,2.7842924055221374e-07,98.06469731777906,0.0,0.0,0.0016500154742971063,140,1.0,0.9990882873535156,1.1932829693250824e-05,0.0,0.020749904215335846,0.004660248756408691,2.7741461394725775e-07,2.7842924055221374e-07,0.017437415197491646,8.352877216566412e-07,2.5442550395382568e-05,1.9750865476453328e-07,0.007232279516756535,6.150492026790744e-08
3.6467633890424622e-06,0.9821562767028809,2.828470826443663e-07,98.67611883953214,0.0,0.0,0.0017317176098003983,141,1.0,0.9989587664604187,1.2273954780539498e-05,0.0,0.019889092072844505,0.004675281699746847,3.207106544778071e-07,2.828470826443663e-07,0.016960591077804565,8.485412763548084e-07,2.565006070653908e-05,1.9361461056632834e-07,0.004619312938302755,7.11039831458038e-08
2.85471833194606e-06,0.9824271202087402,2.781788452921319e-07,99.28895412385464,0.0,0.0,0.0017025524284690619,142,0.9999999403953552,0.9990527629852295,1.1055994946218561e-05,0.0,0.019407523795962334,0.004071557894349098,2.726194168189977e-07,2.781788452921319e-07,0.014665438793599606,8.345365358763956e-07,2.3765835067024454e-05,2.050423404398316e-07,0.007435944397002459,6.044179201580846e-08
3.589037078199908e-06,0.982784628868103,2.732072346134373e-07,100.19770751148462,0.0,0.0,0.0016732041258364916,143,1.0,0.9991810321807861,1.2260496077942662e-05,0.0,0.02334589883685112,0.004585745744407177,2.826022296176234e-07,2.732072346134373e-07,0.016621695831418037,8.196217322620214e-07,2.6206645998172462e-05,1.8049199468350707e-07,0.0037141158245503902,6.265505447800024e-08
2.391358975728508e-06,0.9833545684814453,2.6450828727320186e-07,100.85231436416507,0.0,0.0,0.0015653882874175906,144,1.0,0.9992843270301819,9.35414391278755e-06,0.0,0.016768578439950943,0.003875016700476408,1.9400630435484345e-07,2.6450828727320186e-07,0.01264906395226717,7.935248618196056e-07,2.0947540178894997e-05,1.746669795466005e-07,0.0038863313384354115,4.301266898210088e-08
5.876374416402541e-06,0.9819579124450684,2.857266281353077e-07,101.61783714778721,0.0,0.0,0.002007862087339163,145,1.0,0.9992743730545044,1.692577643552795e-05,0.0,0.03057906962931156,0.005808013491332531,5.510160576704948e-07,2.857266281353077e-07,0.021021805703639984,8.571798844059231e-07,3.2356871088268235e-05,2.2009976419212762e-07,0.007303984370082617,1.221644367888075e-07
2.9803595680277795e-06,0.9830052852630615,2.69355723503395e-07,102.30127446725965,0.0,0.0,0.0016436314908787608,146,1.0,0.9991769194602966,1.0847428711713292e-05,0.0,0.019824674353003502,0.004147607833147049,2.289506397801233e-07,2.69355723503395e-07,0.01572432368993759,8.08067170510185e-07,2.3841552319936454e-05,1.8294936410256923e-07,0.00377497635781765,5.07600930177432e-08
5.937708010606002e-06,0.9816548824310303,2.907633245285979e-07,102.9270100761205,0.0,0.0,0.001994833815842867,147,1.0,0.9989272952079773,1.6141138985403813e-05,0.0,0.030032673850655556,0.005602331832051277,5.278824914967117e-07,2.907633245285979e-07,0.023555831983685493,8.722900020075031e-07,3.07870504911989e-05,2.1043189235570026e-07,0.005418849643319845,1.170355545809798e-07
5.402884653449291e-06,0.9809550642967224,3.021569909833488e-07,103.5353842638433,0.0,0.0,0.0018683261005207896,148,0.9999999403953552,0.998946487903595,1.555610288050957e-05,0.0,0.0282608475536108,0.005574011243879795,4.7052307650119474e-07,3.021569909833488e-07,0.020974300801753998,9.064709729500464e-07,3.06311012536753e-05,2.4730923087190604e-07,0.010791918262839317,1.0431853070258512e-07
3.7687491385440808e-06,0.9829890727996826,2.704302914935397e-07,104.14102939888835,0.0,0.0,0.0016525032697245479,149,1.0,0.9994896054267883,1.1786114555434324e-05,0.0,0.02316363714635372,0.0045105149038136005,2.8204243562868214e-07,2.704302914935397e-07,0.01872077025473118,8.112908744806191e-07,2.4919318093452603e-05,1.8649610922238935e-07,0.005887702573090792,6.253094397834502e-08
5.451218839880312e-06,0.9824990630149841,2.779335659397475e-07,104.80894481576979,0.0,0.0,0.0019735905807465315,150,1.0,0.9992420673370361,1.525243351352401e-05,0.0,0.028027575463056564,0.005546335130929947,4.851822268392425e-07,2.779335659397475e-07,0.021497514098882675,8.338006978192425e-07,2.9422331863315776e-05,2.1277030270994146e-07,0.007364954333752394,1.0756858159766125e-07
