disp_penalty,edit_direction_cosine,edit_direction_mse,effective_objective_scale,elapsed_seconds,fold_penalty,foldover_fraction_det_below_0,grad_norm,initial_objective_grad_norm,initial_regularizer_grad_norm,iter,jacobian_det_mean,jacobian_det_min,loss,low_det_fraction_below_0p2,max_disp_px,mean_disp_px,normalized_visual_mse,objective,objective_gradient_probe_multiplier,p95_disp_px,scaled_objective,smooth_penalty,unet_prediction_mse,vae_conditioning_mse,visual_mse
0.0005870236782357097,0.9292259216308594,6.084438837206108e-07,1002.0174050321423,0.6507193874567747,0.0,0.0,0.01575017161667347,3.769568252563477e-05,0.01007246132940054,1,1.0,0.973564624786377,-0.0036595738492906094,0.0,0.4440590441226959,0.08835211396217346,0.00010303220187779516,4.593639459926635e-06,1000000.0,0.32608750462532043,0.004602906759828329,0.00035159417893737555,4.593639459926635e-06,0.35438913106918335,2.284301990584936e-05
0.003922443836927414,0.92333984375,6.536386081279488e-07,1002.0174050321423,1.0047752745449543,0.0,0.0,0.0457303412258625,3.769568252563477e-05,0.01007246132940054,2,0.9999999403953552,0.939553439617157,-0.008232180029153824,0.0,1.0032387971878052,0.222247913479805,0.0006552633712999523,1.3668102837982588e-05,1000000.0,0.8689437508583069,0.013695676811039448,0.0008017559302970767,1.3668102837982588e-05,1.2062366008758545,0.0001452768628951162
0.004783248994499445,0.9236351847648621,6.485016683654976e-07,1002.0174050321423,1.3691603429615498,0.0,0.0,0.015529925003647804,3.769568252563477e-05,0.01007246132940054,3,1.0,0.9234557747840881,-0.008254112675786018,0.0,1.4215542078018188,0.24489432573318481,0.0006471240776591003,1.3846247384208255e-05,1000000.0,0.9464474320411682,0.013874180614948273,0.0008981209248304367,1.3846247384208255e-05,1.1478859186172485,0.0001434723089914769
0.00548279844224453,0.924365758895874,6.450757155107567e-07,1002.0174050321423,1.7291804198175669,0.0,0.0,0.04316132888197899,3.769568252563477e-05,0.01007246132940054,4,1.0,0.9121264219284058,-0.00438521197065711,0.0,1.66814386844635,0.2428438663482666,0.000659521552734077,1.025233359541744e-05,1000000.0,1.1299489736557007,0.01027301698923111,0.0010115427430719137,1.025233359541744e-05,0.8380696773529053,0.00014622093294747174
0.006803289987146854,0.923414409160614,6.525445996885537e-07,1002.0174050321423,2.1507606860250235,0.0,0.0,0.022508397698402405,3.769568252563477e-05,0.01007246132940054,5,1.0,0.9090219736099243,-0.006564852315932512,0.0,1.7296569347381592,0.28267914056777954,0.0007586154970340431,1.3426513760350645e-05,1000000.0,1.1783329248428345,0.013453599996864796,0.0012059139553457499,1.3426513760350645e-05,1.1386786699295044,0.00016819080337882042
0.008264565840363503,0.9204040765762329,6.779705472581554e-07,1002.0174050321423,2.5329282246530056,0.0,0.0,0.010698395781219006,3.769568252563477e-05,0.01007246132940054,6,1.0,0.9125791788101196,-0.006656350567936897,0.0,1.7038460969924927,0.3128993511199951,0.0009511093958280981,1.5130667634366546e-05,1000000.0,1.3295565843582153,0.015161192044615746,0.0013147093122825027,1.5130667634366546e-05,1.27227783203125,0.00021086816559545696
0.009765036404132843,0.9219955801963806,6.652317097177729e-07,1002.0174050321423,2.8946648724377155,0.0,0.0,0.019934458658099174,3.769568252563477e-05,0.01007246132940054,7,1.0,0.9197596311569214,-0.006148884072899818,0.0,2.0609960556030273,0.3323351740837097,0.0011023415718227625,1.5945372069836594e-05,1000000.0,1.4249833822250366,0.015977540984749794,0.0013593125622719526,1.5945372069836594e-05,1.383974552154541,0.00024439749540761113
0.010413200594484806,0.9241941571235657,6.479427838712581e-07,1002.0174050321423,3.2425947207957506,0.0,0.0,0.03612840920686722,3.769568252563477e-05,0.01007246132940054,8,1.0,0.9318872094154358,-0.006642946042120457,0.0,2.2871148586273193,0.33289533853530884,0.0010691905627027154,1.633985993976239e-05,1000000.0,1.4930672645568848,0.01637282408773899,0.0013395221903920174,1.633985993976239e-05,1.4340187311172485,0.0002370476577198133
0.010107328183948994,0.9237304925918579,6.506802492367569e-07,1002.0174050321423,3.612185264006257,0.0,0.0,0.014673126861453056,3.769568252563477e-05,0.01007246132940054,9,1.0,0.9437859058380127,-0.007014183327555656,0.0,2.357863187789917,0.3175853490829468,0.0009889313951134682,1.6092724763439037e-05,1000000.0,1.5478603839874268,0.016125191003084183,0.0012798354728147388,1.6092724763439037e-05,1.4194178581237793,0.00021925359033048153
0.009833366610109806,0.9251805543899536,6.395744094334077e-07,1002.0174050321423,3.9799077343195677,0.0,0.0,0.012992345727980137,3.769568252563477e-05,0.01007246132940054,10,1.0,0.9524217247962952,-0.007329026237130165,0.0,2.3652617931365967,0.30717700719833374,0.0009384732111357152,1.5995366993593052e-05,1000000.0,1.5607688426971436,0.01602763682603836,0.0012248459970578551,1.5995366993593052e-05,1.386643648147583,0.00020806663087569177
0.009470914490520954,0.9254231452941895,6.374528425112658e-07,1002.0174050321423,4.344772424548864,0.0,0.0,0.016228416934609413,3.769568252563477e-05,0.01007246132940054,11,1.0,0.958901047706604,-0.007800020277500153,0.0,2.3093278408050537,0.30152207612991333,0.0009129454847425222,1.6204961866606027e-05,1000000.0,1.5264256000518799,0.01623765379190445,0.00117810582742095,1.6204961866606027e-05,1.4125728607177734,0.00020240693993400782
0.008907357230782509,0.9228671789169312,6.631086648667406e-07,1002.0174050321423,4.699067963287234,0.0,0.0,0.03510156646370888,3.769568252563477e-05,0.01007246132940054,12,1.0,0.9646186828613281,-0.008441214449703693,0.0,2.212637186050415,0.29833775758743286,0.0008983804145827889,1.6622288967482746e-05,1000000.0,1.438291072845459,0.016655823215842247,0.0011445116251707077,1.6622288967482746e-05,1.457010269165039,0.0001991777535295114
0.00921418983489275,0.9221720695495605,6.609993761230726e-07,1002.0174050321423,5.051817229017615,0.0,0.0,0.01914232410490513,3.769568252563477e-05,0.01007246132940054,13,1.0,0.9713094830513,-0.009530596435070038,0.0,2.220154047012329,0.30921345949172974,0.0009561078040860593,1.8145710782846436e-05,1000000.0,1.4479146003723145,0.018182318657636642,0.0011239857412874699,1.8145710782846436e-05,1.5573234558105469,0.000211976352147758
0.009541024453938007,0.9235575795173645,6.553589173563523e-07,1002.0174050321423,5.443837016820908,0.0,0.0,0.03408009931445122,3.769568252563477e-05,0.01007246132940054,14,1.0,0.9691674709320068,-0.010941261425614357,0.0,2.244772434234619,0.32190191745758057,0.0010148582514375448,2.001448956434615e-05,1000000.0,1.4218882322311401,0.02005486749112606,0.0011383728124201298,2.001448956434615e-05,1.6894357204437256,0.00022500175691675395
0.009641537442803383,0.9231202602386475,6.542857136082603e-07,1002.0174050321423,5.8132967334240675,0.0,0.0,0.020104194059967995,3.769568252563477e-05,0.01007246132940054,15,1.0,0.9665529727935791,-0.0110623799264431,0.0,2.3496971130371094,0.32182741165161133,0.0010688991751521826,2.0515821233857423e-05,1000000.0,1.4066779613494873,0.020557209849357605,0.0011425756383687258,2.0515821233857423e-05,1.7413687705993652,0.00023698306176811457
0.009915592148900032,0.9221985936164856,6.600545248147682e-07,1002.0174050321423,6.202879119664431,0.0,0.0,0.040270086377859116,3.769568252563477e-05,0.01007246132940054,16,1.0,0.9624204039573669,-0.009604688733816147,0.0,2.4874305725097656,0.32055753469467163,0.0010875619482249022,1.9255145161878318e-05,1000000.0,1.441941499710083,0.01929398998618126,0.0011814022436738014,1.9255145161878318e-05,1.628279447555542,0.00024112073879223317
0.009148659184575081,0.9245758056640625,6.440624247261439e-07,1002.0174050321423,6.614510368555784,0.0,0.0,0.02653636410832405,3.769568252563477e-05,0.01007246132940054,17,1.0,0.9605517983436584,-0.00985479075461626,0.0,2.5416970252990723,0.30494749546051025,0.001001548720523715,1.8779053789330646e-05,1000000.0,1.3598781824111938,0.018816938623785973,0.0011772187426686287,1.8779053789330646e-05,1.5717694759368896,0.00022205093409866095
0.008574292063713074,0.9228728413581848,6.554176934514544e-07,1002.0174050321423,7.068636966869235,0.0,0.0,0.02326902560889721,3.769568252563477e-05,0.01007246132940054,18,1.0,0.9558172821998596,-0.010006728582084179,0.0,2.636366128921509,0.29052621126174927,0.0008981286082416773,1.812666596379131e-05,1000000.0,1.3085111379623413,0.018163233995437622,0.0011699729366227984,1.812666596379131e-05,1.5391004085540771,0.00019912191783078015
0.008624537847936153,0.9238067269325256,6.512275376735488e-07,1002.0174050321423,7.5176713000983,0.0,0.0,0.022915685549378395,3.769568252563477e-05,0.01007246132940054,19,1.0,0.950669527053833,-0.009337598457932472,0.0,2.770390510559082,0.28671151399612427,0.0008368769194930792,1.7073754861485213e-05,1000000.0,1.3274548053741455,0.01710820011794567,0.0011985873570665717,1.7073754861485213e-05,1.486169695854187,0.00018554195412434638
0.009009987115859985,0.92664635181427,6.289901079981064e-07,1002.0174050321423,7.9610020108520985,0.0,0.0,0.013844441622495651,3.769568252563477e-05,0.01007246132940054,20,1.0,0.9449843168258667,-0.00909509602934122,0.0,2.9125418663024902,0.2855866253376007,0.000804439012426883,1.6711379430489615e-05,1000000.0,1.3834879398345947,0.01674509234726429,0.0012437299592420459,1.6711379430489615e-05,1.4599616527557373,0.00017835022299550474
0.009253210388123989,0.9254990220069885,6.342933147607255e-07,1002.0174050321423,8.353931607678533,0.0,0.0,0.026216359809041023,3.769568252563477e-05,0.01007246132940054,21,1.0,0.9405896663665771,-0.00908220000565052,0.0,3.0292346477508545,0.2821848392486572,0.0007728388300165534,1.6552610759390518e-05,1000000.0,1.420881986618042,0.016586003825068474,0.0012820870615541935,1.6552610759390518e-05,1.4297797679901123,0.00017134423251263797
0.009742268361151218,0.9241405725479126,6.436544026655611e-07,1002.0174050321423,8.70874852873385,0.0,0.0,0.0226864255964756,3.769568252563477e-05,0.01007246132940054,22,1.0,0.938594400882721,-0.010042550042271614,0.0,3.125270366668701,0.28949522972106934,0.0007984802941791713,1.780330239853356e-05,1000000.0,1.476851463317871,0.0178392194211483,0.0013433536514639854,1.780330239853356e-05,1.5543036460876465,0.00017702914192341268
0.01059241034090519,0.9225102663040161,6.586508902728383e-07,1002.0174050321423,9.070326087996364,0.0,0.0,0.04499085620045662,3.769568252563477e-05,0.01007246132940054,23,1.0,0.9364176392555237,-0.011108356527984142,0.0,3.2130484580993652,0.3094686269760132,0.0009005258907563984,1.974480619537644e-05,1000000.0,1.544418215751648,0.01978463865816593,0.0014204960316419601,1.974480619537644e-05,1.724160075187683,0.00019965341198258102
0.012449645437300205,0.9242550730705261,6.447025953093544e-07,1002.0174050321423,9.435222744941711,0.0,0.0,0.010228651575744152,3.769568252563477e-05,0.01007246132940054,24,1.0,0.935851514339447,-0.011251385323703289,0.0,3.375908851623535,0.34391897916793823,0.0010414030402898788,2.1234516680124216e-05,1000000.0,1.6460107564926147,0.021277355030179024,0.0015235808677971363,2.1234516680124216e-05,1.8661401271820068,0.00023088694433681667
0.014192233793437481,0.9226786494255066,6.557833103215671e-07,1002.0174050321423,9.793732164427638,0.0,0.0,0.01420830562710762,3.769568252563477e-05,0.01007246132940054,25,1.0,0.9361902475357056,-0.010800410993397236,0.0,3.5099940299987793,0.3761499226093292,0.0011821894440799952,2.210415550507605e-05,1000000.0,1.7190464735031128,0.022148748859763145,0.0016171988099813461,2.210415550507605e-05,1.9209762811660767,0.0002621003659442067
0.015569767914712429,0.9242638945579529,6.514273991342634e-07,1002.0174050321423,10.130769046023488,0.0,0.0,0.016434133052825928,3.769568252563477e-05,0.01007246132940054,26,1.0,0.9377732276916504,-0.011705187149345875,0.0,3.6434004306793213,0.3986162543296814,0.0012779476819559932,2.394470175204333e-05,1000000.0,1.7600040435791016,0.023993007838726044,0.0016848677769303322,2.394470175204333e-05,2.098048210144043,0.00028333067893981934
0.016848571598529816,0.9246529340744019,6.532310408147168e-07,1002.0174050321423,10.478648874908686,0.0,0.0,0.01580139249563217,3.769568252563477e-05,0.01007246132940054,27,1.0,0.939744234085083,-0.012108724564313889,0.0,3.780933380126953,0.41529184579849243,0.0013281452702358365,2.495832450222224e-05,1000000.0,1.8080816268920898,0.025008674710989,0.001741099520586431,2.495832450222224e-05,2.169058084487915,0.0002944598672911525
0.018057916313409805,0.9238076210021973,6.555443405886763e-07,1002.0174050321423,10.833825128152966,0.0,0.0,0.014724060893058777,3.769568252563477e-05,0.01007246132940054,28,1.0,0.9418976902961731,-0.012777001596987247,0.0,3.9224748611450195,0.42590197920799255,0.0013393770204856992,2.5960036509786732e-05,1000000.0,1.8694764375686646,0.02601240761578083,0.001788302673958242,2.5960036509786732e-05,2.2610976696014404,0.0002969500492326915
0.018829818814992905,0.9225636720657349,6.585487426491454e-07,1002.0174050321423,11.19575047120452,0.0,0.0,0.013670562766492367,3.769568252563477e-05,0.01007246132940054,29,1.0,0.9441542625427246,-0.012954361736774445,0.0,4.025453090667725,0.42716026306152344,0.0013202701229602098,2.6179834094364196e-05,1000000.0,1.9307410717010498,0.026232648640871048,0.0018272651359438896,2.6179834094364196e-05,2.2849411964416504,0.00029271389939822257
0.019450059160590172,0.9245179891586304,6.473354687841493e-07,1002.0174050321423,11.592359688133001,0.0,0.0,0.03936479240655899,3.769568252563477e-05,0.01007246132940054,30,1.0,0.9462414979934692,-0.012617053464055061,0.0,4.107112884521484,0.42711958289146423,0.0013090284774079919,2.5908497264026664e-05,1000000.0,1.9909882545471191,0.025960765779018402,0.0018676364561542869,2.5908497264026664e-05,2.241054058074951,0.00029022153466939926
0.019388433545827866,0.9250164031982422,6.447976375056896e-07,1002.0174050321423,11.946428399533033,0.0,0.0,0.019608713686466217,3.769568252563477e-05,0.01007246132940054,31,1.0,0.947857141494751,-0.012850352562963963,0.0,4.16702127456665,0.4222923517227173,0.0012892700033262372,2.600460356916301e-05,1000000.0,2.0025811195373535,0.026057064533233643,0.0018844918813556433,2.600460356916301e-05,2.25538969039917,0.00028584094252437353
0.01897446997463703,0.9246810674667358,6.507150374090998e-07,1002.0174050321423,12.300535831600428,0.0,0.0,0.012956289574503899,3.769568252563477e-05,0.01007246132940054,32,1.0,0.9480334520339966,-0.012980224564671516,0.0,4.210012435913086,0.41539663076400757,0.001276634051464498,2.596698686829768e-05,1000000.0,1.9838289022445679,0.026019372045993805,0.0018826777813956141,2.596698686829768e-05,2.2485127449035645,0.0002830394369084388
0.01822449266910553,0.9249449968338013,6.449300258282165e-07,1002.0174050321423,12.656183311715722,0.0,0.0,0.017712313681840897,3.769568252563477e-05,0.01007246132940054,33,1.0,0.9472919702529907,-0.013025520369410515,0.0,4.238426685333252,0.4041765332221985,0.0012590823462232947,2.5738001568242908e-05,1000000.0,1.9352548122406006,0.025789925828576088,0.0018626581877470016,2.5738001568242908e-05,2.213688373565674,0.0002791481092572212
0.01706269010901451,0.9236780405044556,6.579060141120863e-07,1002.0174050321423,13.021614959463477,0.0,0.0,0.01327789667993784,3.769568252563477e-05,0.01007246132940054,34,1.0,0.9473869204521179,-0.013202035799622536,0.0,4.252542018890381,0.38732242584228516,0.0012243695091456175,2.543475966376718e-05,1000000.0,1.8444268703460693,0.025486072525382042,0.0018198471516370773,2.543475966376718e-05,2.1794304847717285,0.0002714520087465644
0.01594248041510582,0.9255069494247437,6.426088248190354e-07,1002.0174050321423,13.390436060726643,0.0,0.0,0.11766429990530014,3.769568252563477e-05,0.01007246132940054,35,1.0,0.9477295279502869,-0.01349833607673645,0.0,4.246936321258545,0.37220633029937744,0.0011893410701304674,2.52594290941488e-05,1000000.0,1.7492499351501465,0.025310387834906578,0.0017824415117502213,2.52594290941488e-05,2.15470027923584,0.00026368594262748957
0.017008546739816666,0.9230848550796509,6.660053486484685e-07,1002.0174050321423,13.74848565645516,0.0,0.0,0.02713572233915329,3.769568252563477e-05,0.01007246132940054,36,1.0,0.9501761794090271,-0.013705980964004993,0.0,4.213447570800781,0.39122751355171204,0.001233355258591473,2.6000952857430093e-05,1000000.0,1.8273510932922363,0.026053406298160553,0.0018559726886451244,2.6000952857430093e-05,2.2232255935668945,0.0002734442241489887
0.01874377951025963,0.9244704842567444,6.551711635438551e-07,1002.0174050321423,14.119803881272674,0.0,0.0,0.025488829240202904,3.769568252563477e-05,0.01007246132940054,37,1.0,0.9511050581932068,-0.013640191406011581,0.0,4.241135597229004,0.414653480052948,0.0012940922752022743,2.6721478207036853e-05,1000000.0,1.941068172454834,0.026775386184453964,0.0019478413742035627,2.6721478207036853e-05,2.2947850227355957,0.00028691007173620164
0.01972050778567791,0.9221576452255249,6.723950036757742e-07,1002.0174050321423,14.47719289176166,0.0,0.0,0.020055601373314857,3.769568252563477e-05,0.01007246132940054,38,1.0,0.9525237083435059,-0.013165679760277271,0.0,4.26198148727417,0.42577409744262695,0.0013396532740443945,2.6763227651827037e-05,1000000.0,1.9953492879867554,0.026817219331860542,0.0019927495159208775,2.6763227651827037e-05,2.2983827590942383,0.0002970112836919725
0.02020607329905033,0.9232674241065979,6.647254622293985e-07,1002.0174050321423,14.834932243451476,0.0,0.0,0.03888542577624321,3.769568252563477e-05,0.01007246132940054,39,1.0,0.9530763626098633,-0.01286659948527813,0.0,4.275440216064453,0.42971861362457275,0.0013691376661881804,2.676451185834594e-05,1000000.0,2.057896614074707,0.02681850641965866,0.002010612515732646,2.676451185834594e-05,2.312772512435913,0.0003035482077393681
0.02062361128628254,0.9228196144104004,6.679860575786734e-07,1002.0174050321423,15.16613993793726,0.0,0.0,0.014342962764203548,3.769568252563477e-05,0.01007246132940054,40,1.0,0.9529263973236084,-0.012847290374338627,0.0,4.264140605926514,0.43691176176071167,0.0014001698000356555,2.704325925151352e-05,1000000.0,2.1005187034606934,0.02709781564772129,0.002032388001680374,2.704325925151352e-05,2.3264060020446777,0.00031042826594784856
0.020924700424075127,0.9241777062416077,6.551900355589169e-07,1002.0174050321423,15.50569137558341,0.0,0.0,0.016169343143701553,3.769568252563477e-05,0.01007246132940054,41,1.0,0.9512004852294922,-0.012801004573702812,0.0,4.249678611755371,0.443632036447525,0.0014202017337083817,2.7196645532967523e-05,1000000.0,2.125079393386841,0.027251511812210083,0.0020487047731876373,2.7196645532967523e-05,2.332772731781006,0.00031486948137171566
0.02100474014878273,0.9239281415939331,6.571918902409379e-07,1002.0174050321423,15.855303723365068,0.0,0.0,0.014825980179011822,3.769568252563477e-05,0.01007246132940054,42,1.0,0.9504947662353516,-0.012996647506952286,0.0,4.238773822784424,0.44673973321914673,0.001419481704942882,2.740546187851578e-05,1000000.0,2.1301534175872803,0.027460750192403793,0.0020546470768749714,2.740546187851578e-05,2.3591408729553223,0.0003147098468616605
0.020868293941020966,0.9251378774642944,6.455137508964981e-07,1002.0174050321423,16.27015227638185,0.0,0.0,0.011012924835085869,3.769568252563477e-05,0.01007246132940054,43,1.0,0.9511154294013977,-0.013036292977631092,0.0,4.236054420471191,0.4453393816947937,0.0013956555631011724,2.7257312467554584e-05,1000000.0,2.125864028930664,0.027312301099300385,0.0020488162990659475,2.7257312467554584e-05,2.330843925476074,0.00030942741432227194
0.020495301112532616,0.9263403415679932,6.515882660096395e-07,1002.0174050321423,16.67646885663271,0.0,0.0,0.014054406434297562,3.769568252563477e-05,0.01007246132940054,44,1.0,0.9512724280357361,-0.013108732178807259,0.0,4.229392051696777,0.43997204303741455,0.0013583694817498326,2.7000587579095736e-05,1000000.0,2.107576370239258,0.027055058628320694,0.0020311016123741865,2.7000587579095736e-05,2.305237054824829,0.0003011608205270022
0.019914720207452774,0.9258662462234497,6.430069561247365e-07,1002.0174050321423,17.046553084626794,0.0,0.0,0.012386384420096874,3.769568252563477e-05,0.01007246132940054,45,1.0,0.9508156180381775,-0.013118920847773552,0.0,4.20505952835083,0.43329674005508423,0.001324328244663775,2.6660289222490974e-05,1000000.0,2.0652565956115723,0.02671407349407673,0.0020094995852559805,2.6660289222490974e-05,2.2847893238067627,0.00029361361521296203
0.019381072372198105,0.924287736415863,6.54509619835153e-07,1002.0174050321423,17.410999653860927,0.0,0.0,0.021590745076537132,3.769568252563477e-05,0.01007246132940054,46,1.0,0.9502294063568115,-0.013248792849481106,0.0,4.180812358856201,0.42774614691734314,0.0013007449451833963,2.6518504455452785e-05,1000000.0,2.017970323562622,0.026572002097964287,0.001988608855754137,2.6518504455452785e-05,2.263402223587036,0.00028838502475991845
0.019071310758590698,0.9235081672668457,6.651300168414309e-07,1002.0174050321423,17.79451146349311,0.0,0.0,0.015611646696925163,3.769568252563477e-05,0.01007246132940054,47,1.0,0.9484965801239014,-0.013323549181222916,0.0,4.138165473937988,0.4258813261985779,0.0013004123466089368,2.652638067957014e-05,1000000.0,1.991468071937561,0.02657989412546158,0.001981860725209117,2.652638067957014e-05,2.2645883560180664,0.0002883112756535411
0.018687041476368904,0.9260827302932739,6.438264108510339e-07,1002.0174050321423,18.160918788984418,0.0,0.0,0.025158634409308434,3.769568252563477e-05,0.01007246132940054,48,1.0,0.9465331435203552,-0.013420349918305874,0.0,4.098556041717529,0.42388975620269775,0.0013091012369841337,2.660109930729959e-05,1000000.0,1.9589242935180664,0.026654765009880066,0.0019746923353523016,2.660109930729959e-05,2.2755126953125,0.0002902376581914723
0.018668383359909058,0.9238149523735046,6.61909098198521e-07,1002.0174050321423,18.527261124923825,0.0,0.0,0.020831437781453133,3.769568252563477e-05,0.01007246132940054,49,1.0,0.9442375302314758,-0.013052965514361858,0.0,4.068083763122559,0.4247094690799713,0.0013217212399467826,2.631655297591351e-05,1000000.0,1.980311632156372,0.026369644328951836,0.0019798334687948227,2.631655297591351e-05,2.2628726959228516,0.0002930356131400913
0.018533695489168167,0.9245643615722656,6.55123812975944e-07,1002.0174050321423,18.87969379685819,0.0,0.0,0.011112630367279053,3.769568252563477e-05,0.01007246132940054,50,1.0,0.942854106426239,-0.013047467917203903,0.0,4.077588081359863,0.41882985830307007,0.0013037599856033921,2.6157929823966697e-05,1000000.0,2.0004546642303467,0.02621070109307766,0.0019622240215539932,2.6157929823966697e-05,2.2433297634124756,0.0002890534815378487
0.01839904487133026,0.9262377023696899,6.351847900987195e-07,1002.0174050321423,19.2860722579062,0.0,0.0,0.023969566449522972,3.769568252563477e-05,0.01007246132940054,51,0.9999999403953552,0.9419727325439453,-0.013129702769219875,0.0,4.103999614715576,0.41093653440475464,0.0012711887247860432,2.598766513983719e-05,1000000.0,2.0107436180114746,0.02604009211063385,0.0019390358356758952,2.598766513983719e-05,2.2169687747955322,0.00028183218091726303
0.018118491396307945,0.9235478639602661,6.542962296407495e-07,1002.0174050321423,19.671942060813308,0.0,0.0,0.015014204196631908,3.769568252563477e-05,0.01007246132940054,52,1.0,0.9423670172691345,-0.013434960506856441,0.0,4.160006046295166,0.3983246088027954,0.0012142222840338945,2.584604953881353e-05,1000000.0,2.0037786960601807,0.025898192077875137,0.001908664358779788,2.584604953881353e-05,2.2078166007995605,0.0002692022826522589
0.018091661855578423,0.9237693548202515,6.546350164171599e-07,1002.0174050321423,20.052841674536467,0.0,0.0,0.03182988613843918,3.769568252563477e-05,0.01007246132940054,53,1.0,0.9426381587982178,-0.013458557426929474,0.0,4.234062671661377,0.3886057138442993,0.0011743378126993775,2.5593413738533854e-05,1000000.0,2.0062899589538574,0.025645045563578606,0.001893417676910758,2.5593413738533854e-05,2.1927740573883057,0.00026035960763692856
0.018039485439658165,0.9237921833992004,6.544653956552793e-07,1002.0174050321423,20.41665381938219,0.0,0.0,0.013614495284855366,3.769568252563477e-05,0.01007246132940054,54,1.0,0.9432811141014099,-0.01392501499503851,0.0,4.265852928161621,0.38583701848983765,0.0011577341938391328,2.5934772565960884e-05,1000000.0,1.997256875038147,0.025987092405557632,0.0018845679005607963,2.5934772565960884e-05,2.2345728874206543,0.00025667843874543905
0.018384767696261406,0.9235814809799194,6.47061540348659e-07,1002.0174050321423,20.777657067403197,0.0,0.0,0.009587332606315613,3.769568252563477e-05,0.01007246132940054,55,1.0,0.9442030191421509,-0.014041528105735779,0.0,4.323713779449463,0.3885338008403778,0.0011504244757816195,2.6072730179294012e-05,1000000.0,2.014495611190796,0.026125328615307808,0.0018877818947657943,2.6072730179294012e-05,2.258042335510254,0.0002550578210502863
0.018821213394403458,0.9222239851951599,6.571198127858224e-07,1002.0174050321423,21.1423225607723,0.0,0.0,0.01283356361091137,3.769568252563477e-05,0.01007246132940054,56,1.0,0.9449948668479919,-0.014162812381982803,0.0,4.36920690536499,0.3939220905303955,0.0011500242399051785,2.6282948965672404e-05,1000000.0,2.041078805923462,0.02633597142994404,0.0018996096914634109,2.6282948965672404e-05,2.271531581878662,0.0002549690834712237
0.01919528841972351,0.9224206209182739,6.579959972441429e-07,1002.0174050321423,21.515224808827043,0.0,0.0,0.007381492294371128,3.769568252563477e-05,0.01007246132940054,57,1.0,0.9455362558364868,-0.014266284182667732,0.0,4.39208984375,0.3997505009174347,0.0011543374275788665,2.6491712560527958e-05,1000000.0,2.063345193862915,0.02654515765607357,0.0019051383715122938,2.6491712560527958e-05,2.28607177734375,0.0002559253480285406
0.019596435129642487,0.9231963753700256,6.508985848086013e-07,1002.0174050321423,21.89514109492302,0.0,0.0,0.06624335050582886,3.769568252563477e-05,0.01007246132940054,58,1.0,0.9459382891654968,-0.014088476076722145,0.0,4.4154863357543945,0.40517565608024597,0.0011648375075310469,2.6464491384103894e-05,1000000.0,2.093966007232666,0.026517881080508232,0.0019062950741499662,2.6464491384103894e-05,2.304230213165283,0.0002582533052191138
0.018246009945869446,0.9234227538108826,6.589465328943334e-07,1002.0174050321423,22.2699284683913,0.0,0.0,0.018730182200670242,3.769568252563477e-05,0.01007246132940054,59,1.0,0.9454717040061951,-0.01474849134683609,0.0,4.2988739013671875,0.40230292081832886,0.001151308068074286,2.6764017093228176e-05,1000000.0,1.9982545375823975,0.026818010956048965,0.0019067637622356415,2.6764017093228176e-05,2.301222562789917,0.00025525371893309057
0.017600443214178085,0.9212918877601624,6.744515985701582e-07,1002.0174050321423,22.627410447224975,0.0,0.0,0.016174254938960075,3.769568252563477e-05,0.01007246132940054,60,1.0,0.9447348117828369,-0.014824509620666504,0.0,4.225104808807373,0.4015021324157715,0.0011818883940577507,2.6916155547951348e-05,1000000.0,1.956128478050232,0.026970455422997475,0.001912120496854186,2.6916155547951348e-05,2.2966508865356445,0.0002620336308609694
0.017182761803269386,0.9220067262649536,6.694564831377647e-07,1002.0174050321423,23.02516246214509,0.0,0.0,0.03403422236442566,3.769568252563477e-05,0.01007246132940054,61,1.0,0.9441760182380676,-0.014409960247576237,0.0,4.1624650955200195,0.39911144971847534,0.0012080887099727988,2.6592384529067203e-05,1000000.0,1.9410324096679688,0.026646031066775322,0.0019106119871139526,2.6592384529067203e-05,2.272986888885498,0.00026784243527799845
0.017146360129117966,0.9216456413269043,6.712120921292808e-07,1002.0174050321423,23.38010786101222,0.0,0.0,0.0153190391138196,3.769568252563477e-05,0.01007246132940054,62,1.0,0.944977879524231,-0.014731939882040024,0.0,4.150069713592529,0.3939756155014038,0.0011922905687242746,2.6798959879670292e-05,1000000.0,1.9670418500900269,0.02685302309691906,0.0019040412735193968,2.6798959879670292e-05,2.295949697494507,0.00026433984749019146
0.01754075288772583,0.921013593673706,6.779210366403277e-07,1002.0174050321423,23.736273031681776,0.0,0.0,0.01987697184085846,3.769568252563477e-05,0.01007246132940054,63,1.0,0.9460524916648865,-0.01480968575924635,0.0,4.168602466583252,0.3911041021347046,0.0011725386139005423,2.6823647203855217e-05,1000000.0,2.0275378227233887,0.026877760887145996,0.001902759075164795,2.6823647203855217e-05,2.309636116027832,0.00025996071053668857
0.017794230952858925,0.9196279048919678,6.806071723985951e-07,1002.0174050321423,24.10806085728109,0.0,0.0,0.009097323752939701,3.769568252563477e-05,0.01007246132940054,64,1.0,0.9480183124542236,-0.01459430530667305,0.0,4.191234588623047,0.38848644495010376,0.0011648249346762896,2.660314567037858e-05,1000000.0,2.058269500732422,0.02665681391954422,0.0018903673626482487,2.660314567037858e-05,2.2858667373657227,0.00025825051125139
0.018146872520446777,0.9223191738128662,6.658203801634954e-07,1002.0174050321423,24.47993925958872,0.0,0.0,0.010924587026238441,3.769568252563477e-05,0.01007246132940054,65,1.0,0.9493918418884277,-0.014550401829183102,0.0,4.229546070098877,0.3871757686138153,0.0011617105919867754,2.6606870960677043e-05,1000000.0,2.093000650405884,0.02666054666042328,0.0018849221523851156,2.6606870960677043e-05,2.286036968231201,0.00025756005197763443
0.0186581090092659,0.9221822619438171,6.69528674279718e-07,1002.0174050321423,24.836662251502275,0.0,0.0,0.010434059426188469,3.769568252563477e-05,0.01007246132940054,66,1.0,0.9504027366638184,-0.014247172512114048,0.0,4.2877984046936035,0.38819825649261475,0.0011628529755398631,2.6414705644128844e-05,1000000.0,2.1294262409210205,0.02646799385547638,0.0018870009807869792,2.6414705644128844e-05,2.28246808052063,0.0002578133135102689
0.0190251637250185,0.922755241394043,6.597714445888414e-07,1002.0174050321423,25.220284150913358,0.0,0.0,0.027791867032647133,3.769568252563477e-05,0.01007246132940054,67,1.0,0.9506680965423584,-0.013714735396206379,0.0,4.338878631591797,0.3884689509868622,0.0011618350399658084,2.5948847905965522e-05,1000000.0,2.156186580657959,0.02600119635462761,0.0018844961887225509,2.5948847905965522e-05,2.232062816619873,0.0002575876424089074
0.0187945868819952,0.9233400225639343,6.580283979928936e-07,1002.0174050321423,25.575728200376034,0.0,0.0,0.03446483984589577,3.769568252563477e-05,0.01007246132940054,68,1.0,0.9489847421646118,-0.013795760460197926,0.0,4.351039409637451,0.3813074231147766,0.0011460003443062305,2.5870627723634243e-05,1000000.0,2.154597282409668,0.02592281810939312,0.0018645785748958588,2.5870627723634243e-05,2.249140977859497,0.00025407696375623345
0.017641687765717506,0.9233411550521851,6.608045168832177e-07,1002.0174050321423,25.926606880500913,0.0,0.0,0.022795148193836212,3.769568252563477e-05,0.01007246132940054,69,1.0,0.9490277171134949,-0.014302215538918972,0.0,4.300644397735596,0.3681868612766266,0.00111175247002393,2.5907702365657315e-05,1000000.0,2.0800650119781494,0.02595996856689453,0.0018372402992099524,2.5907702365657315e-05,2.2128963470458984,0.00024648394901305437
0.017522301524877548,0.9195243716239929,7.087675157890772e-07,1002.0174050321423,26.295210599899292,0.0,0.0,0.0183094572275877,3.769568252563477e-05,0.01007246132940054,70,1.0,0.9489342570304871,-0.014309306629002094,0.0,4.320417404174805,0.3639637231826782,0.0010949359275400639,2.577748819021508e-05,1000000.0,2.0683324337005615,0.025829492136836052,0.0018326423596590757,2.577748819021508e-05,2.2197234630584717,0.0002427556028123945
0.018090223893523216,0.9236620664596558,6.717340284012607e-07,1002.0174050321423,26.665465656667948,0.0,0.0,0.027224650606513023,3.769568252563477e-05,0.01007246132940054,71,1.0,0.9484564065933228,-0.014291983097791672,0.0,4.403314590454102,0.36597684025764465,0.001090732985176146,2.5849451048998162e-05,1000000.0,2.0958404541015625,0.02590159885585308,0.0018421448767185211,2.5849451048998162e-05,2.227695941925049,0.00024182377092074603
0.01949773170053959,0.9240248203277588,6.672730705759022e-07,1002.0174050321423,27.025949236005545,0.0,0.0,0.02072000503540039,3.769568252563477e-05,0.01007246132940054,72,1.0,0.9466772079467773,-0.013909920118749142,0.0,4.513844966888428,0.3800440728664398,0.001129925367422402,2.6020545192295685e-05,1000000.0,2.169599771499634,0.026073038578033447,0.0018704509129747748,2.6020545192295685e-05,2.24129581451416,0.00025051302509382367
0.01996658183634281,0.9263142943382263,6.327388746285578e-07,1002.0174050321423,27.37962507084012,0.0,0.0,0.024256879463791847,3.769568252563477e-05,0.01007246132940054,73,1.0,0.9451724290847778,-0.013543710112571716,0.0,4.565356731414795,0.38343778252601624,0.0011490697506815195,2.5878693122649565e-05,1000000.0,2.1872007846832275,0.025930900126695633,0.0018778718076646328,2.5878693122649565e-05,2.2200396060943604,0.0002547574695199728
0.019828345626592636,0.9264473915100098,6.370103164954344e-07,1002.0174050321423,27.737915247678757,0.0,0.0,0.012565319426357746,3.769568252563477e-05,0.01007246132940054,74,1.0,0.9440757036209106,-0.013844859786331654,0.0,4.57672643661499,0.37903904914855957,0.001136842300184071,2.6069359591929242e-05,1000000.0,2.178609609603882,0.026121951639652252,0.0018750641029328108,2.6069359591929242e-05,2.237191677093506,0.0002520465641282499
0.019385674968361855,0.9233317971229553,6.694650096505939e-07,1002.0174050321423,28.105193780735135,0.0,0.0,0.015639273449778557,3.769568252563477e-05,0.01007246132940054,75,1.0,0.9434356093406677,-0.01400828082114458,0.0,4.56856107711792,0.37184497714042664,0.0011135177919641137,2.5987883418565616e-05,1000000.0,2.154165029525757,0.02604031190276146,0.0018715899204835296,2.5987883418565616e-05,2.228400230407715,0.0002468753373250365
0.018647469580173492,0.9227330684661865,6.809184469602769e-07,1002.0174050321423,28.463106462731957,0.0,0.0,0.012639500200748444,3.769568252563477e-05,0.01007246132940054,76,1.0,0.9429282546043396,-0.013811890035867691,0.0,4.520822048187256,0.3641570210456848,0.0010909679112955928,2.5489678591839038e-05,1000000.0,2.1097829341888428,0.025541100651025772,0.0018586035585030913,2.5489678591839038e-05,2.198892116546631,0.00024187585222534835
0.017997214570641518,0.9227550029754639,6.816014774813084e-07,1002.0174050321423,28.80830316990614,0.0,0.0,0.016524706035852432,3.769568252563477e-05,0.01007246132940054,77,1.0,0.9424346089363098,-0.013754681684076786,0.0,4.474381923675537,0.35961833596229553,0.0010792140383273363,2.521670285204891e-05,1000000.0,2.064465045928955,0.025267574936151505,0.0018383808201178908,2.521670285204891e-05,2.1691830158233643,0.00023926992435008287
0.017683329060673714,0.9226551055908203,6.617407848352741e-07,1002.0174050321423,29.21407712996006,0.0,0.0,0.00798728596419096,3.769568252563477e-05,0.01007246132940054,78,1.0,0.9416885375976562,-0.01393151842057705,0.0,4.44728946685791,0.3600063920021057,0.0010892520658671856,2.538841545174364e-05,1000000.0,2.0339701175689697,0.025439633056521416,0.001816464588046074,2.538841545174364e-05,2.173316478729248,0.0002414954360574484
0.017394158989191055,0.9240497350692749,6.526209972435026e-07,1002.0174050321423,29.56452319584787,0.0,0.0,0.013226824812591076,3.769568252563477e-05,0.01007246132940054,79,1.0,0.9411062598228455,-0.014068195596337318,0.0,4.420407295227051,0.36150234937667847,0.0011031109606847167,2.5548977646394633e-05,1000000.0,2.0020956993103027,0.02560052089393139,0.0017911292379722,2.5548977646394633e-05,2.1881303787231445,0.00024456807295791805
0.016897937282919884,0.9220612645149231,6.651896455878159e-07,1002.0174050321423,29.990221915766597,0.0,0.0,0.022624488919973373,3.769568252563477e-05,0.01007246132940054,80,1.0,0.9409276247024536,-0.014011136256158352,0.0,4.377992630004883,0.3610233664512634,0.0011051790788769722,2.539537672419101e-05,1000000.0,1.9531391859054565,0.025446608662605286,0.0017627186607569456,2.539537672419101e-05,2.151628017425537,0.00024502657470293343
0.016440732404589653,0.9241191148757935,6.491290491794643e-07,1002.0174050321423,30.391629472374916,0.0,0.0,0.03137125074863434,3.769568252563477e-05,0.01007246132940054,81,1.0,0.9409648180007935,-0.013902761042118073,0.0,4.357203483581543,0.3582715392112732,0.0010831670369952917,2.5046359951375052e-05,1000000.0,1.9135874509811401,0.025096887722611427,0.0017539741238579154,2.5046359951375052e-05,2.1043143272399902,0.00024014634254854172
0.01642112247645855,0.9227732419967651,6.607323257412645e-07,1002.0174050321423,30.72685184329748,0.0,0.0,0.012361940927803516,3.769568252563477e-05,0.01007246132940054,82,1.0,0.9405671954154968,-0.013967400416731834,0.0,4.341612815856934,0.35713085532188416,0.0010596358915790915,2.49538406933425e-05,1000000.0,1.940006136894226,0.025004182010889053,0.001761693856678903,2.49538406933425e-05,2.1066830158233643,0.00023492930631618947
0.016654150560498238,0.9229161143302917,6.580659714927606e-07,1002.0174050321423,31.084898307919502,0.0,0.0,0.013479297049343586,3.769568252563477e-05,0.01007246132940054,83,1.0,0.9400124549865723,-0.013793537393212318,0.0,4.34018087387085,0.35610607266426086,0.0010415015276521444,2.471236075507477e-05,1000000.0,1.9867416620254517,0.024762215092778206,0.0017764614894986153,2.471236075507477e-05,2.0872297286987305,0.00023090878676157445
0.01681891828775406,0.9246535301208496,6.494472017948283e-07,1002.0174050321423,31.444863878190517,0.0,0.0,0.02218477800488472,3.769568252563477e-05,0.01007246132940054,84,1.0,0.9400469064712524,-0.013135701417922974,0.0,4.34780740737915,0.351650595664978,0.0010266166646033525,2.3992930437088944e-05,1000000.0,2.0226471424102783,0.02404133416712284,0.001783970044925809,2.3992930437088944e-05,2.0157604217529297,0.0002276087034260854
0.016543954610824585,0.9237676858901978,6.540017807310505e-07,1002.0174050321423,31.84715518541634,0.0,0.0,0.01687825471162796,3.769568252563477e-05,0.01007246132940054,85,1.0,0.9412549138069153,-0.012818273156881332,0.0,4.307401657104492,0.3469473719596863,0.0010146372951567173,2.353950185352005e-05,1000000.0,2.025075912475586,0.02358699031174183,0.0017783555667847395,2.353950185352005e-05,1.9782400131225586,0.0002249527897220105
0.016145633533596992,0.9250742197036743,6.455960033235897e-07,1002.0174050321423,32.21041340753436,0.0,0.0,0.009083298966288567,3.769568252563477e-05,0.01007246132940054,86,1.0,0.9426345825195312,-0.013069655746221542,0.0,4.263124465942383,0.34288525581359863,0.0010071814758703113,2.3656706616748124e-05,1000000.0,2.011590003967285,0.02370443195104599,0.0017666404601186514,2.3656706616748124e-05,1.970827341079712,0.0002232997794635594
0.015617826022207737,0.9254730343818665,6.451080594160885e-07,1002.0174050321423,32.57278463803232,0.0,0.0,0.012647897005081177,3.769568252563477e-05,0.01007246132940054,87,1.0,0.9441673159599304,-0.013268734328448772,0.0,4.221302509307861,0.33739012479782104,0.001000401796773076,2.3699220037087798e-05,1000000.0,1.9833900928497314,0.023747030645608902,0.0017520776018500328,2.3699220037087798e-05,1.9927682876586914,0.00022179665393196046
0.015324858017265797,0.9253058433532715,6.436150670197094e-07,1002.0174050321423,32.93829176016152,0.0,0.0,0.014795046299695969,3.769568252563477e-05,0.01007246132940054,88,0.9999999403953552,0.9451214075088501,-0.013392254710197449,0.0,4.200213432312012,0.33389824628829956,0.00099599314853549,2.373082679696381e-05,1000000.0,1.9680911302566528,0.023778701201081276,0.0017422426026314497,2.373082679696381e-05,2.0047051906585693,0.00022081923088990152
0.015289306640625,0.9243154525756836,6.513911898764491e-07,1002.0174050321423,33.30386834964156,0.0,0.0,0.009784954600036144,3.769568252563477e-05,0.01007246132940054,89,0.9999999403953552,0.9454876184463501,-0.013454063795506954,0.0,4.199880599975586,0.33453261852264404,0.001002032426185906,2.382729326200206e-05,1000000.0,1.96673583984375,0.023875363171100616,0.0017467294819653034,2.382729326200206e-05,2.025106906890869,0.00022215819626580924
0.015250597149133682,0.9219130873680115,6.825814011790499e-07,1002.0174050321423,33.69900530576706,0.0,0.0,0.04636691138148308,3.769568252563477e-05,0.01007246132940054,90,1.0,0.9403002858161926,-0.01382556464523077,0.0,4.187129974365234,0.3372264504432678,0.0010127564892172813,2.4266852051368915e-05,1000000.0,1.9638010263442993,0.024315807968378067,0.0017601256258785725,2.4266852051368915e-05,2.0763089656829834,0.0002245357900392264
0.015600643120706081,0.9237464070320129,6.618682846237789e-07,1002.0174050321423,34.064235327765346,0.0,0.0,0.01095705758780241,3.769568252563477e-05,0.01007246132940054,91,1.0,0.9201902747154236,-0.014158344827592373,0.0,4.171688079833984,0.34914523363113403,0.0010433001443743706,2.488902464392595e-05,1000000.0,1.9875928163528442,0.02493923529982567,0.0018038363195955753,2.488902464392595e-05,2.1623120307922363,0.00023130755289457738
0.016052978113293648,0.9240888357162476,6.458162715716753e-07,1002.0174050321423,34.43819990195334,0.0,0.0,0.019992636516690254,3.769568252563477e-05,0.01007246132940054,92,1.0,0.9024659395217896,-0.014172098599374294,0.0,4.144046306610107,0.3611210584640503,0.0010698041878640652,2.519043664506171e-05,1000000.0,2.0184195041656494,0.02524125576019287,0.001857628463767469,2.519043664506171e-05,2.195615768432617,0.00023718368902336806
0.016466068103909492,0.9237152338027954,6.512759682664182e-07,1002.0174050321423,34.797630148008466,0.0,0.0,0.06376119703054428,3.769568252563477e-05,0.01007246132940054,93,1.0,0.8913938999176025,-0.01428025308996439,0.0,4.114007949829102,0.36918866634368896,0.0010831747204065323,2.5483630452072248e-05,1000000.0,2.055504560470581,0.025535041466355324,0.001892834436148405,2.5483630452072248e-05,2.212392807006836,0.00024014804512262344
0.01611013151705265,0.9248787760734558,6.517630026792176e-07,1002.0174050321423,35.1645091380924,0.0,0.0,0.009221330285072327,3.769568252563477e-05,0.01007246132940054,94,1.0,0.8757724165916443,-0.014440273866057396,0.0,3.9278295040130615,0.3761059641838074,0.001128451549448073,2.5883569833240472e-05,1000000.0,2.0075430870056152,0.025935787707567215,0.001919748610816896,2.5883569833240472e-05,2.2409615516662598,0.0002501862763892859
0.01650383323431015,0.9225232601165771,6.621962711506058e-07,1002.0174050321423,35.571115009486675,0.0,0.0,0.013572165742516518,3.769568252563477e-05,0.01007246132940054,95,1.0,0.8597366809844971,-0.013015879318118095,0.0,3.7727816104888916,0.3910171389579773,0.0011934207286685705,2.499372021702584e-05,1000000.0,1.9983763694763184,0.025044143199920654,0.0019744616001844406,2.499372021702584e-05,2.170754909515381,0.00026459043147042394
0.017190231010317802,0.9215071797370911,6.782327091059415e-07,1002.0174050321423,35.9257594384253,0.0,0.0,0.015496750362217426,3.769568252563477e-05,0.01007246132940054,96,1.0,0.8469555974006653,-0.012807691469788551,0.0,3.657482385635376,0.4057897925376892,0.0012383564608171582,2.5243600248359144e-05,1000000.0,2.014224052429199,0.025294527411460876,0.0020304976496845484,2.5243600248359144e-05,2.197579860687256,0.00027455302188172936
0.018051229417324066,0.9204243421554565,6.755341246389435e-07,1002.0174050321423,36.28801019862294,0.0,0.0,0.033905334770679474,3.769568252563477e-05,0.01007246132940054,97,1.0,0.8354761600494385,-0.013818797655403614,0.0,3.5248208045959473,0.42211005091667175,0.0012836745008826256,2.674591087270528e-05,1000000.0,2.046760082244873,0.026799868792295456,0.0020820377394557,2.674591087270528e-05,2.3190205097198486,0.0002846003626473248
0.018617689609527588,0.9189929962158203,6.885578045512375e-07,1002.0174050321423,36.699348486959934,0.0,0.0,0.03378908708691597,3.769568252563477e-05,0.01007246132940054,98,1.0,0.8300767540931702,-0.013316193595528603,0.0,3.5741655826568604,0.43051767349243164,0.0013251242926344275,2.664535895746667e-05,1000000.0,2.078267812728882,0.026699112728238106,0.002114195842295885,2.664535895746667e-05,2.3056423664093018,0.00029379010084085166
0.01869974285364151,0.9204598665237427,6.785494406358339e-07,1002.0174050321423,37.04548675566912,0.0,0.0,0.03695177659392357,3.769568252563477e-05,0.01007246132940054,99,1.0,0.8277501463890076,-0.01385638490319252,0.0,3.638761520385742,0.4280846416950226,0.0013226651353761554,2.7183035854250193e-05,1000000.0,2.0985445976257324,0.027237875387072563,0.002110489644110203,2.7183035854250193e-05,2.3464410305023193,0.00029324489878490567
0.01851857453584671,0.9208260774612427,6.749565955033177e-07,1002.0174050321423,37.41019815951586,0.0,0.0,0.02481289952993393,3.769568252563477e-05,0.01007246132940054,100,1.0,0.8300391435623169,-0.013795138336718082,0.0,3.6842949390411377,0.41674065589904785,0.0012857469264417887,2.6825147870113142e-05,1000000.0,2.1183485984802246,0.026879264041781425,0.002071536146104336,2.6825147870113142e-05,2.3218398094177246,0.0002850598539225757
0.01838701218366623,0.9218380451202393,6.77100445045653e-07,1002.0174050321423,37.765415819361806,0.0,0.0,0.025747671723365784,3.769568252563477e-05,0.01007246132940054,101,0.9999999403953552,0.8311673998832703,-0.01447525154799223,0.0,3.7241899967193604,0.4083993434906006,0.0012445858446881175,2.7191392291570082e-05,1000000.0,2.135751247406006,0.027246247977018356,0.0020389254204928875,2.7191392291570082e-05,2.391721248626709,0.0002759341150522232
0.0189819298684597,0.9231981039047241,6.619572445742961e-07,1002.0174050321423,38.1015525367111,0.0,0.0,0.009419196285307407,3.769568252563477e-05,0.01007246132940054,102,1.0,0.8321462273597717,-0.01482397224754095,0.0,3.7923004627227783,0.4079127907752991,0.0012321854010224342,2.7571677492232993e-05,1000000.0,2.191580295562744,0.02762730047106743,0.0020284922793507576,2.7571677492232993e-05,2.429867744445801,0.0002731848508119583
0.019991958513855934,0.9234617352485657,6.590820476048975e-07,1002.0174050321423,38.46200952120125,0.0,0.0,0.009814636781811714,3.769568252563477e-05,0.01007246132940054,103,1.0,0.8319318294525146,-0.014181097969412804,0.0,3.9338953495025635,0.41265082359313965,0.001248471438884735,2.7241385396337137e-05,1000000.0,2.2602250576019287,0.027296341955661774,0.002032462740316987,2.7241385396337137e-05,2.371248722076416,0.0002767955884337425
0.02110418863594532,0.9226212501525879,6.625908781643375e-07,1002.0174050321423,38.86327043175697,0.0,0.0,0.01522560603916645,3.769568252563477e-05,0.01007246132940054,104,1.0,0.8312712907791138,-0.013546023517847061,0.0,4.053147315979004,0.4201020300388336,0.0012732237810268998,2.6997671739081852e-05,1000000.0,2.3267314434051514,0.02705213613808155,0.0020419328939169645,2.6997671739081852e-05,2.335169792175293,0.0002822833776008338
0.022003794088959694,0.9237222075462341,6.483824108727276e-07,1002.0174050321423,39.22681115195155,0.0,0.0,0.022563152015209198,3.769568252563477e-05,0.01007246132940054,105,1.0,0.831320583820343,-0.01326502114534378,0.0,4.147210121154785,0.42755061388015747,0.001299600931815803,2.707548628677614e-05,1000000.0,2.3751423358917236,0.027130108326673508,0.0020509660243988037,2.707548628677614e-05,2.3298463821411133,0.000288131384877488
0.02250182442367077,0.9228192567825317,6.602548410228337e-07,1002.0174050321423,39.597023935988545,0.0,0.0,0.022903237491846085,3.769568252563477e-05,0.01007246132940054,106,1.0,0.8317479491233826,-0.01379106193780899,0.0,4.200504302978516,0.43199411034584045,0.0013138018548488617,2.7795802452601492e-05,1000000.0,2.401998519897461,0.027851877734065056,0.0020551413763314486,2.7795802452601492e-05,2.3955578804016113,0.00029127983725629747
0.022803381085395813,0.9237247705459595,6.634345481870696e-07,1002.0174050321423,40.01382505334914,0.0,0.0,0.023578939959406853,3.769568252563477e-05,0.01007246132940054,107,1.0,0.8346269726753235,-0.01388744916766882,0.0,4.264460563659668,0.4385702311992645,0.0013332781381905079,2.8082391509087756e-05,1000000.0,2.4079477787017822,0.02813904546201229,0.0020574587397277355,2.8082391509087756e-05,2.4337058067321777,0.0002955978852696717
0.023001426830887794,0.9225441217422485,6.699634695905843e-07,1002.0174050321423,40.438829723745584,0.0,0.0,0.0178928691893816,3.769568252563477e-05,0.01007246132940054,108,1.0,0.8395370841026306,-0.014337585307657719,0.0,4.321218013763428,0.44384002685546875,0.0013541317312046885,2.870825119316578e-05,1000000.0,2.4057090282440186,0.028766166418790817,0.0020541443955153227,2.870825119316578e-05,2.500155448913574,0.0003002212615683675
0.023356299847364426,0.9228587746620178,6.647617283306317e-07,1002.0174050321423,40.78830009140074,0.0,0.0,0.019490370526909828,3.769568252563477e-05,0.01007246132940054,109,1.0,0.8427201509475708,-0.014358701184391975,0.0,4.369303226470947,0.4490288197994232,0.0013790227239951491,2.8967257094336674e-05,1000000.0,2.415422201156616,0.029025696218013763,0.0020588506013154984,2.8967257094336674e-05,2.5214288234710693,0.00030573978438042104
0.023440280929207802,0.9227992296218872,6.676402790617431e-07,1002.0174050321423,41.157849468290806,0.0,0.0,0.025123577564954758,3.769568252563477e-05,0.01007246132940054,110,1.0,0.8441813588142395,-0.014170845039188862,0.0,4.381519794464111,0.4490939974784851,0.0013911123387515545,2.8875316274934448e-05,1000000.0,2.4192845821380615,0.0289335697889328,0.0020551588386297226,2.8875316274934448e-05,2.5109782218933105,0.00030842015985399485
0.022989580407738686,0.9222772717475891,6.633624138885352e-07,1002.0174050321423,41.508719108998775,0.0,0.0,0.019033752381801605,3.769568252563477e-05,0.01007246132940054,111,1.0,0.843419075012207,-0.013991879299283028,0.0,4.365280628204346,0.4401646852493286,0.0013642337871715426,2.8421645765774883e-05,1000000.0,2.4038705825805664,0.02847898378968239,0.002038398524746299,2.8421645765774883e-05,2.460383892059326,0.0003024609759449959
0.022443994879722595,0.9229159355163574,6.591109240616788e-07,1002.0174050321423,41.89991318434477,0.0,0.0,0.02639872021973133,3.769568252563477e-05,0.01007246132940054,112,1.0,0.843844473361969,-0.0141341807320714,0.0,4.341446876525879,0.4291543960571289,0.0013117280323058367,2.80976491922047e-05,1000000.0,2.3873021602630615,0.02815433405339718,0.0020168793853372335,2.80976491922047e-05,2.4193453788757324,0.000290820054942742
0.02221151813864708,0.9217420220375061,6.653430091319024e-07,1002.0174050321423,42.269991809502244,0.0,0.0,0.04467103257775307,3.769568252563477e-05,0.01007246132940054,113,1.0,0.8455829620361328,-0.013818216510117054,0.0,4.3383378982543945,0.4225483536720276,0.0012684848625212908,2.7443482395028695e-05,1000000.0,2.3896284103393555,0.027498846873641014,0.0020033647306263447,2.7443482395028695e-05,2.3912320137023926,0.00028123270021751523
0.02351430431008339,0.9211997985839844,6.693555292258679e-07,1002.0174050321423,42.62227907218039,0.0,0.0,0.03402654081583023,3.769568252563477e-05,0.01007246132940054,114,0.9999999403953552,0.8434838652610779,-0.013728613965213299,0.0,4.417935371398926,0.4305325746536255,0.0012888760538771749,2.775671055132989e-05,1000000.0,2.479579210281372,0.02781270630657673,0.0020215583499521017,2.775671055132989e-05,2.468975305557251,0.0002857536019291729
0.024594757705926895,0.9217841625213623,6.641622576353257e-07,1002.0174050321423,42.975609723478556,0.0,0.0,0.018322382122278214,3.769568252563477e-05,0.01007246132940054,115,1.0,0.8407651782035828,-0.01443497370928526,0.0,4.464073657989502,0.4392920136451721,0.0013241436099633574,2.8918460884597152e-05,1000000.0,2.545048952102661,0.0289767999202013,0.0020392360165715218,2.8918460884597152e-05,2.5430755615234375,0.0002935726661235094
0.025510825216770172,0.919757604598999,6.831659788986144e-07,1002.0174050321423,43.33532226830721,0.0,0.0,0.04404759779572487,3.769568252563477e-05,0.01007246132940054,116,1.0,0.8389535546302795,-0.014941690489649773,0.0,4.50914192199707,0.4501108229160309,0.0013665956212207675,2.9896800697315484e-05,1000000.0,2.593350410461426,0.029957113787531853,0.002059298800304532,2.9896800697315484e-05,2.6165013313293457,0.00030298461206257343
0.02554292231798172,0.9205066561698914,6.768146363356209e-07,1002.0174050321423,43.70460134372115,0.0,0.0,0.016713779419660568,3.769568252563477e-05,0.01007246132940054,117,1.0,0.8337798714637756,-0.014828008599579334,0.0,4.511632442474365,0.4532853364944458,0.0013840895844623446,2.9906907002441585e-05,1000000.0,2.5947062969207764,0.02996724098920822,0.0020618827547878027,2.9906907002441585e-05,2.632044792175293,0.0003068631631322205
0.025163546204566956,0.9203965663909912,6.792256499466021e-07,1002.0174050321423,44.070984341204166,0.0,0.0,0.014835418201982975,3.769568252563477e-05,0.01007246132940054,118,1.0,0.8311225175857544,-0.015120742842555046,0.0,4.518922805786133,0.45226114988327026,0.001376318046823144,3.0067514671827666e-05,1000000.0,2.5721938610076904,0.030128173530101776,0.0020512950140982866,3.0067514671827666e-05,2.6363582611083984,0.00030514015816152096
0.024484919384121895,0.9188146591186523,6.894099442433799e-07,1002.0174050321423,44.43393244408071,0.0,0.0,0.01768086850643158,3.769568252563477e-05,0.01007246132940054,119,1.0,0.8313993215560913,-0.01509980671107769,0.0,4.530994415283203,0.4460066556930542,0.001348690246231854,2.9718321457039565e-05,1000000.0,2.534778356552124,0.02977827563881874,0.0020276017021387815,2.9718321457039565e-05,2.5984511375427246,0.00029901484958827496
0.024075187742710114,0.9182895421981812,6.922910529283399e-07,1002.0174050321423,44.794585194438696,0.0,0.0,0.011254717595875263,3.769568252563477e-05,0.01007246132940054,120,1.0,0.833966851234436,-0.015124449506402016,0.0,4.565605640411377,0.4384957551956177,0.0013210636097937822,2.9467217245837674e-05,1000000.0,2.5135889053344727,0.029526663944125175,0.0020012035965919495,2.9467217245837674e-05,2.576533794403076,0.0002928898320533335
0.023728184401988983,0.9184987545013428,6.898745255057293e-07,1002.0174050321423,45.15747481957078,0.0,0.0,0.039452407509088516,3.769568252563477e-05,0.01007246132940054,121,0.9999999403953552,0.8382561206817627,-0.015307166613638401,0.0,4.6064887046813965,0.4308750033378601,0.0012957744766026735,2.9403181542875245e-05,1000000.0,2.494154453277588,0.029462499544024467,0.0019780125003308058,2.9403181542875245e-05,2.573306083679199,0.0002872830373235047
0.023242928087711334,0.9197999835014343,6.800536311857286e-07,1002.0174050321423,45.51127174496651,0.0,0.0,0.010334733873605728,3.769568252563477e-05,0.01007246132940054,122,1.0,0.846384584903717,-0.015226720832288265,0.0,4.661779880523682,0.42019522190093994,0.001269626896828413,2.903929998865351e-05,1000000.0,2.4671647548675537,0.02909788303077221,0.0019449973478913307,2.903929998865351e-05,2.5377964973449707,0.0002814859035424888
0.022690998390316963,0.9222373962402344,6.670268817288161e-07,1002.0174050321423,45.86758923344314,0.0,0.0,0.017865728586912155,3.769568252563477e-05,0.01007246132940054,123,1.0,0.8542627096176147,-0.014495735988020897,0.0,4.709457874298096,0.4102858304977417,0.0012558982707560062,2.8102418582420796e-05,1000000.0,2.427830457687378,0.028159111738204956,0.00192977802362293,2.8102418582420796e-05,2.454151153564453,0.0002784421667456627
0.022205885499715805,0.9218330979347229,6.651205239904812e-07,1002.0174050321423,46.23344001546502,0.0,0.0,0.02241492085158825,3.769568252563477e-05,0.01007246132940054,124,1.0,0.8608348369598389,-0.013817591592669487,0.0,4.750326633453369,0.4025198221206665,0.0012498332653194666,2.728362596826628e-05,1000000.0,2.381775379180908,0.027338668704032898,0.0019174338085576892,2.728362596826628e-05,2.3897342681884766,0.0002770975115709007
0.021450523287057877,0.9236693382263184,6.530076461785939e-07,1002.0174050321423,46.62533069588244,0.0,0.0,0.012877555564045906,3.769568252563477e-05,0.01007246132940054,125,1.0,0.8650429844856262,-0.014196309261023998,0.0,4.752466678619385,0.39550477266311646,0.001244287472218275,2.7467413019621745e-05,1000000.0,2.3160898685455322,0.027522826567292213,0.0019009346142411232,2.7467413019621745e-05,2.4015021324157715,0.00027586796204559505
0.020802440121769905,0.9243580102920532,6.449272973441111e-07,1002.0174050321423,46.97896148823202,0.0,0.0,0.013102134689688683,3.769568252563477e-05,0.01007246132940054,126,1.0,0.866375744342804,-0.014313174411654472,0.0,4.767432689666748,0.3880220949649811,0.001235050498507917,2.7385940484236926e-05,1000000.0,2.255620002746582,0.02744118869304657,0.0018823097925633192,2.7385940484236926e-05,2.395057201385498,0.000273820071015507
0.020148633047938347,0.9244223833084106,6.459906671807403e-07,1002.0174050321423,47.340639643371105,0.0,0.0,0.0166183952242136,3.769568252563477e-05,0.01007246132940054,127,1.0,0.8650736808776855,-0.014432492665946484,0.0,4.777845859527588,0.3798648715019226,0.0012171821435913444,2.724861951719504e-05,1000000.0,2.199068069458008,0.02730359137058258,0.0018640425987541676,2.724861951719504e-05,2.375265121459961,0.0002698585158213973
0.01972884126007557,0.923289954662323,6.555254685736145e-07,1002.0174050321423,47.68792320229113,0.0,0.0,0.009384194388985634,3.769568252563477e-05,0.01007246132940054,128,1.0,0.8640534281730652,-0.014726981520652771,0.0,4.817323207855225,0.37131112813949585,0.0011953493813052773,2.7313379177940078e-05,1000000.0,2.1581168174743652,0.02736848033964634,0.0018629764672368765,2.7313379177940078e-05,2.382368326187134,0.00026501802494749427
0.019457446411252022,0.9214688539505005,6.688231906082365e-07,1002.0174050321423,48.044180896133184,0.0,0.0,0.009541709907352924,3.769568252563477e-05,0.01007246132940054,129,1.0,0.8614650368690491,-0.014811101369559765,0.0,4.864567756652832,0.364702045917511,0.001175437937490642,2.72170000243932e-05,1000000.0,2.1283836364746094,0.027271907776594162,0.0018780315294861794,2.72170000243932e-05,2.3831920623779297,0.000260603497736156
0.019436223432421684,0.9239228963851929,6.50236302135454e-07,1002.0174050321423,48.386665219441056,0.0,0.0,0.02041376382112503,3.769568252563477e-05,0.01007246132940054,130,1.0,0.8586286306381226,-0.01431900355964899,0.0,4.931170463562012,0.3615179657936096,0.001163944718427956,2.6655712645151652e-05,1000000.0,2.111901044845581,0.026709487661719322,0.001903944998048246,2.6655712645151652e-05,2.3529655933380127,0.0002580553700681776
0.01948632299900055,0.925281286239624,6.472132554335985e-07,1002.0174050321423,48.743178552016616,0.0,0.0,0.013722208328545094,3.769568252563477e-05,0.01007246132940054,131,1.0,0.8527603149414062,-0.014423972927033901,0.0,4.984717845916748,0.3610198199748993,0.001154935802333057,2.672635491762776e-05,1000000.0,2.102724075317383,0.026780271902680397,0.0019432345870882273,2.672635491762776e-05,2.3331298828125,0.00025605803239159286
0.019708717241883278,0.9243830442428589,6.564639534190064e-07,1002.0174050321423,49.10578662902117,0.0,0.0,0.013584723696112633,3.769568252563477e-05,0.01007246132940054,132,0.9999999403953552,0.8500874638557434,-0.014429154805839062,0.0,5.041049003601074,0.36415159702301025,0.0011536086676642299,2.6780053303809837e-05,1000000.0,2.1016769409179688,0.02683407999575138,0.0019756671972572803,2.6780053303809837e-05,2.332329273223877,0.0002557637926656753
0.02011900208890438,0.9234089851379395,6.645498160651186e-07,1002.0174050321423,49.473659839481115,0.0,0.0,0.022551340982317924,3.769568252563477e-05,0.01007246132940054,133,1.0,0.8505324125289917,-0.014666966162621975,0.0,5.105038166046143,0.36899346113204956,0.00115938950330019,2.7147492801304907e-05,1000000.0,2.110530376434326,0.027202259749174118,0.002000323962420225,2.7147492801304907e-05,2.367605686187744,0.00025704543804749846
0.020757010206580162,0.9234639406204224,6.606285865018435e-07,1002.0174050321423,49.82174297608435,0.0,0.0,0.023808375000953674,3.769568252563477e-05,0.01007246132940054,134,1.0,0.8577638864517212,-0.014682617038488388,0.0,5.186064720153809,0.3752366900444031,0.0011715030996128917,2.7377076548873447e-05,1000000.0,2.1318576335906982,0.027432307600975037,0.0020158893894404173,2.7377076548873447e-05,2.3925483226776123,0.0002597311104182154
0.021105442196130753,0.924912691116333,6.474160727520939e-07,1002.0174050321423,50.19239426776767,0.0,0.0,0.03152713552117348,3.769568252563477e-05,0.01007246132940054,135,1.0,0.86516273021698,-0.014287191443145275,0.0,5.206422805786133,0.3816240131855011,0.0011986223980784416,2.722840872593224e-05,1000000.0,2.132197618484497,0.027283338829874992,0.0020068723242729902,2.722840872593224e-05,2.325194835662842,0.000265743670752272
0.02141718380153179,0.9242690801620483,6.53321649224381e-07,1002.0174050321423,50.55975321121514,0.0,0.0,0.05373895913362503,3.769568252563477e-05,0.01007246132940054,136,1.0,0.8681986331939697,-0.014274505898356438,0.0,5.21510124206543,0.38376495242118835,0.001204721163958311,2.7315876650391147e-05,1000000.0,2.156198740005493,0.027370983734726906,0.00200041476637125,2.7315876650391147e-05,2.3351356983184814,0.0002670958056114614
0.021053412929177284,0.9232703447341919,6.613363439100794e-07,1002.0174050321423,50.9303496722132,0.0,0.0,0.009684618562459946,3.769568252563477e-05,0.01007246132940054,137,1.0,0.8604221940040588,-0.014579705893993378,0.0,5.125961780548096,0.38127076625823975,0.0011769005795940757,2.7363072149455547e-05,1000000.0,2.1739165782928467,0.02741827443242073,0.0020001311786472797,2.7363072149455547e-05,2.3859870433807373,0.0002609277726151049
0.02095917798578739,0.9233757257461548,6.626113417951274e-07,1002.0174050321423,51.28822408430278,0.0,0.0,0.033050213009119034,3.769568252563477e-05,0.01007246132940054,138,1.0,0.853556215763092,-0.014551249332726002,0.0,5.028757095336914,0.3875455856323242,0.001183881307952106,2.736767419264652e-05,1000000.0,2.19515323638916,0.027422886341810226,0.002013843972235918,2.736767419264652e-05,2.396942138671875,0.0002624754561111331
0.02051759697496891,0.9244138598442078,6.506108434223279e-07,1002.0174050321423,51.64100162498653,0.0,0.0,0.02508159913122654,3.769568252563477e-05,0.01007246132940054,139,1.0,0.850220263004303,-0.014783532358705997,0.0,4.931153297424316,0.38915812969207764,0.0012088267831131816,2.7669830160448328e-05,1000000.0,2.190100908279419,0.02772565186023712,0.0019960447680205107,2.7669830160448328e-05,2.434995651245117,0.0002680060570128262
0.020449692383408546,0.9235687255859375,6.524329592139111e-07,1002.0174050321423,51.986280132085085,0.0,0.0,0.021344460546970367,3.769568252563477e-05,0.01007246132940054,140,1.0,0.8434028029441833,-0.015050973743200302,0.0,4.809427261352539,0.39840012788772583,0.001251942478120327,2.820746522047557e-05,1000000.0,2.202686309814453,0.028264371678233147,0.001991261960938573,2.820746522047557e-05,2.506450653076172,0.0002775651519186795
0.020584868267178535,0.9220764636993408,6.638580885010015e-07,1002.0174050321423,52.365658313035965,0.0,0.0,0.0422501266002655,3.769568252563477e-05,0.01007246132940054,141,1.0,0.8364243507385254,-0.015054229646921158,0.0,4.689601421356201,0.40843743085861206,0.0012991210678592324,2.8546810426632874e-05,1000000.0,2.2195699214935303,0.028604401275515556,0.001981121487915516,2.8546810426632874e-05,2.5220303535461426,0.0002880249812733382
0.020901404321193695,0.9215747117996216,6.798363756388426e-07,1002.0174050321423,52.76020814664662,0.0,0.0,0.03945091366767883,3.769568252563477e-05,0.01007246132940054,142,1.0,0.8335000872612,-0.015407945960760117,0.0,4.63063383102417,0.41642361879348755,0.0013240269618108869,2.9132683266652748e-05,1000000.0,2.2433021068573,0.029191454872488976,0.0019920566119253635,2.9132683266652748e-05,2.56854248046875,0.00029354682192206383
0.021460246294736862,0.9230846166610718,6.599762514269969e-07,1002.0174050321423,53.12204939685762,0.0,0.0,0.03265433758497238,3.769568252563477e-05,0.01007246132940054,143,0.9999999403953552,0.8345932960510254,-0.01534193754196167,0.0,4.607170104980469,0.42315614223480225,0.0013466461095958948,2.933590985776391e-05,1000000.0,2.2866406440734863,0.02939509227871895,0.0020106397569179535,2.933590985776391e-05,2.595284938812256,0.0002985616447404027
0.022450311109423637,0.9234866499900818,6.505529199785087e-07,1002.0174050321423,53.49383217282593,0.0,0.0,0.014191864058375359,3.769568252563477e-05,0.01007246132940054,144,1.0,0.8382195830345154,-0.014819498173892498,0.0,4.618963718414307,0.43245863914489746,0.001378286862745881,2.924148429883644e-05,1000000.0,2.351102828979492,0.029300475493073463,0.002059039892628789,2.924148429883644e-05,2.592898368835449,0.00030557665741071105
0.023336069658398628,0.9238970279693604,6.503133818114293e-07,1002.0174050321423,53.85101588815451,0.0,0.0,0.031214116141200066,3.769568252563477e-05,0.01007246132940054,145,0.9999999403953552,0.8430373668670654,-0.014048066921532154,0.0,4.628178119659424,0.44005322456359863,0.0014065462164580822,2.885635149141308e-05,1000000.0,2.4036431312561035,0.028914565220475197,0.002110064495354891,2.885635149141308e-05,2.539118766784668,0.00031184195540845394
0.023882342502474785,0.9196157455444336,6.883727223794267e-07,1002.0174050321423,54.216956444084644,0.0,0.0,0.050177399069070816,3.769568252563477e-05,0.01007246132940054,146,1.0,0.8459020256996155,-0.014145120978355408,0.0,4.627403736114502,0.4425581693649292,0.0013907020911574364,2.897270314861089e-05,1000000.0,2.448319435119629,0.02903115190565586,0.00214921566657722,2.897270314861089e-05,2.537086009979248,0.00030832921038381755
0.02286251075565815,0.9228877425193787,6.602247708542563e-07,1002.0174050321423,54.597668124362826,0.0,0.0,0.019580045714974403,3.769568252563477e-05,0.01007246132940054,147,1.0,0.8491095900535583,-0.013951797038316727,0.0,4.463644504547119,0.4317139983177185,0.0013572528259828687,2.8345282771624625e-05,1000000.0,2.4094178676605225,0.02840246632695198,0.002126924693584442,2.8345282771624625e-05,2.4773964881896973,0.0003009132342413068
0.021493054926395416,0.9225219488143921,6.735781425959431e-07,1002.0174050321423,54.95654751546681,0.0,0.0,0.022013099864125252,3.769568252563477e-05,0.01007246132940054,148,1.0,0.8519876599311829,-0.01352302823215723,0.0,4.312355041503906,0.4159751832485199,0.0013177567161619663,2.736514034040738e-05,1000000.0,2.3460419178009033,0.027420347556471825,0.00208502309396863,2.736514034040738e-05,2.4064600467681885,0.0002921566483564675
0.020043738186359406,0.9204845428466797,6.981678097872646e-07,1002.0174050321423,55.31573621556163,0.0,0.0,0.028524545952677727,3.769568252563477e-05,0.01007246132940054,149,1.0,0.8544514179229736,-0.012819684110581875,0.0,4.182144641876221,0.39767342805862427,0.0012751180911436677,2.6068526494782418e-05,1000000.0,2.2682785987854004,0.026121117174625397,0.002028962830081582,2.6068526494782418e-05,2.327944278717041,0.00028270334587432444
0.018559975549578667,0.9235469102859497,6.606245506191044e-07,1002.0174050321423,55.72175803221762,0.0,0.0,0.02260485664010048,3.769568252563477e-05,0.01007246132940054,150,1.0,0.8590072393417358,-0.013130144216120243,0.0,4.085180282592773,0.3774601221084595,0.001213057548739016,2.5643816115916707e-05,1000000.0,2.1847498416900635,0.025695549324154854,0.0019627236761152744,2.5643816115916707e-05,2.287851333618164,0.0002689440443646163
